WKT,Name,OBJECTID,UKATEGORIE,UTYP1,UART,UMONAT,USTUNDE,UWOCHENTAG,STRZUSTAND,ULICHTVERH,ISTRAD,ISTPKW,ISTFUSS,ISTKRAD
"POINT (9.947575642000061 52.371657800000037)",Unfall 375 (2021) Kat:2, Licht: 0,375,2,7,8,03,11,3,,0,0,1,0,0
"POINT (9.990380408000021 52.460498855000026)",Unfall 376 (2021) Kat:3, Licht: 0,376,3,2,4,05,15,5,,0,0,1,0,0
"POINT (9.765080631000046 52.342442414000061)",Unfall 377 (2021) Kat:3, Licht: 0,377,3,6,6,06,08,6,,0,1,0,1,0
"POINT (9.746991462000040 52.339066830000036)",Unfall 378 (2021) Kat:3, Licht: 0,378,3,6,2,06,16,4,,0,0,1,0,0
"POINT (9.352890033000051 52.442771353000069)",Unfall 379 (2021) Kat:2, Licht: 0,379,2,6,2,05,14,1,,0,0,1,0,1
"POINT (9.529892236000023 52.198417484000061)",Unfall 380 (2021) Kat:3, Licht: 0,380,3,1,8,06,09,2,,0,0,1,0,0
"POINT (9.655902092000076 52.406380739000042)",Unfall 381 (2021) Kat:3, Licht: 0,381,3,6,2,05,09,2,,0,0,1,0,0
"POINT (9.827062016000070 52.342915626000035)",Unfall 382 (2021) Kat:3, Licht: 0,382,3,3,5,04,09,6,,0,1,1,0,0
"POINT (9.728821105000065 52.494446660000051)",Unfall 383 (2021) Kat:3, Licht: 0,383,3,2,5,06,16,4,,0,0,1,0,1
"POINT (9.836762161000024 52.421106315000031)",Unfall 384 (2021) Kat:3, Licht: 0,384,3,3,5,04,14,5,,0,0,1,0,0
"POINT (9.782462248000058 52.325115599000071)",Unfall 385 (2021) Kat:3, Licht: 0,385,3,2,5,05,16,5,,0,0,1,0,0
"POINT (9.698550748000059 52.420969931000059)",Unfall 386 (2021) Kat:3, Licht: 0,386,3,3,5,04,17,5,,0,0,1,0,0
"POINT (9.717268851000028 52.346362408000061)",Unfall 387 (2021) Kat:3, Licht: 0,387,3,6,2,05,09,7,,0,0,1,0,0
"POINT (9.674939123000058 52.381552097000053)",Unfall 388 (2021) Kat:3, Licht: 0,388,3,1,0,05,17,7,,0,1,0,0,0
"POINT (9.590900672000032 52.396873289000041)",Unfall 389 (2021) Kat:3, Licht: 0,389,3,2,2,04,15,2,,0,0,1,0,0
"POINT (9.427805425000031 52.554301121000037)",Unfall 390 (2021) Kat:2, Licht: 0,390,2,1,8,05,12,2,,0,0,1,0,0
"POINT (9.735539500000073 52.403597785000045)",Unfall 391 (2021) Kat:3, Licht: 0,391,3,2,5,06,06,6,,0,1,1,0,0
"POINT (9.879275038000060 52.399490606000029)",Unfall 392 (2021) Kat:3, Licht: 2,392,3,6,8,05,03,6,,2,0,1,0,0
"POINT (9.752122301000043 52.358027970000080)",Unfall 393 (2021) Kat:3, Licht: 0,393,3,6,2,05,12,4,,0,0,1,0,0
"POINT (9.748296531000051 52.427292511000076)",Unfall 394 (2021) Kat:3, Licht: 0,394,3,6,2,04,14,4,,0,0,1,0,0
"POINT (9.813653623000050 52.318345211000064)",Unfall 395 (2021) Kat:3, Licht: 2,395,3,1,3,04,20,7,,2,0,1,0,0
"POINT (9.838444561000074 52.489528364000080)",Unfall 396 (2021) Kat:1, Licht: 0,396,1,1,9,04,10,3,,0,0,1,0,0
"POINT (9.714499369000066 52.361024024000073)",Unfall 397 (2021) Kat:3, Licht: 0,397,3,2,3,04,15,6,,0,0,0,0,1
"POINT (9.547975468000061 52.421381973000052)",Unfall 398 (2021) Kat:3, Licht: 2,398,3,1,8,05,00,3,,2,0,1,0,0
"POINT (9.722379861000036 52.378530096000077)",Unfall 399 (2021) Kat:3, Licht: 0,399,3,2,3,06,15,7,,0,0,1,0,1
"POINT (9.798539256000026 52.416790320000075)",Unfall 400 (2021) Kat:3, Licht: 0,400,3,6,4,05,11,1,,0,0,1,0,1
"POINT (9.603950940000061 52.573363913000037)",Unfall 401 (2021) Kat:3, Licht: 0,401,3,6,0,05,11,4,,0,0,1,0,0
"POINT (9.733953940000049 52.368894735000026)",Unfall 402 (2021) Kat:2, Licht: 0,402,2,2,5,06,15,2,,0,1,1,0,0
"POINT (9.800921462000076 52.541196696000043)",Unfall 403 (2021) Kat:3, Licht: 0,403,3,6,2,05,17,4,,0,0,1,0,0
"POINT (9.640536646000044 52.444232382000052)",Unfall 404 (2021) Kat:3, Licht: 0,404,3,6,2,05,12,6,,0,0,1,0,0
"POINT (9.760350171000027 52.370419335000065)",Unfall 405 (2021) Kat:3, Licht: 0,405,3,6,3,04,14,7,,0,0,1,0,0
"POINT (9.797802200000035 52.455093346000069)",Unfall 406 (2021) Kat:3, Licht: 0,406,3,2,6,05,10,6,,0,0,1,1,0
"POINT (9.898340541000039 52.303138551000075)",Unfall 407 (2021) Kat:3, Licht: 0,407,3,1,8,05,18,2,,0,0,0,0,1
"POINT (9.580527571000061 52.284550775000071)",Unfall 408 (2021) Kat:3, Licht: 0,408,3,7,0,05,15,5,,0,1,1,0,0
"POINT (9.730891026000052 52.618872850000059)",Unfall 409 (2021) Kat:3, Licht: 0,409,3,6,2,06,19,1,,0,0,1,0,0
"POINT (9.725749525000026 52.625648646000059)",Unfall 410 (2021) Kat:3, Licht: 0,410,3,6,3,04,12,4,,0,0,0,0,0
"POINT (9.856858623000051 52.502885713000069)",Unfall 411 (2021) Kat:3, Licht: 0,411,3,3,5,06,11,4,,0,1,0,0,0
"POINT (9.447553776000063 52.526961480000068)",Unfall 412 (2021) Kat:3, Licht: 0,412,3,6,4,05,15,7,,0,0,1,0,1
"POINT (9.766992180000045 52.370620408000036)",Unfall 413 (2021) Kat:3, Licht: 0,413,3,3,5,05,19,5,,0,1,1,0,0
"POINT (9.945245973000056 52.299531835000039)",Unfall 414 (2021) Kat:3, Licht: 0,414,3,2,4,04,18,4,,0,0,1,0,0
"POINT (9.770897581000042 52.335361448000072)",Unfall 415 (2021) Kat:3, Licht: 0,415,3,6,2,05,07,2,,0,0,1,0,0
"POINT (9.784792624000033 52.428825751000034)",Unfall 416 (2021) Kat:3, Licht: 0,416,3,6,2,05,06,3,,0,0,1,0,0
"POINT (9.716229148000025 52.366856247000044)",Unfall 417 (2021) Kat:3, Licht: 0,417,3,5,3,04,18,3,,0,0,1,0,1
"POINT (9.674907313000062 52.381911766000030)",Unfall 418 (2021) Kat:3, Licht: 0,418,3,7,0,05,13,1,,0,1,0,0,0
"POINT (9.778940384000066 52.427978319000033)",Unfall 419 (2021) Kat:3, Licht: 0,419,3,6,2,05,13,6,,0,0,1,0,0
"POINT (9.733456353000065 52.369187597000064)",Unfall 420 (2021) Kat:3, Licht: 0,420,3,3,5,05,10,3,,0,1,1,0,0
"POINT (9.613830645000064 52.316374884000027)",Unfall 421 (2021) Kat:3, Licht: 0,421,3,2,5,06,14,5,,0,0,1,0,0
"POINT (9.745672121000041 52.601155115000040)",Unfall 422 (2021) Kat:3, Licht: 0,422,3,6,2,05,14,6,,0,0,1,0,0
"POINT (9.431224939000060 52.423156875000075)",Unfall 423 (2021) Kat:3, Licht: 0,423,3,2,4,05,16,3,,0,1,1,0,0
"POINT (9.852095732000066 52.415241703000049)",Unfall 424 (2021) Kat:3, Licht: 0,424,3,7,1,04,15,2,,0,0,1,0,0
"POINT (9.472246623000046 52.300165762000063)",Unfall 425 (2021) Kat:3, Licht: 0,425,3,2,0,05,16,4,,0,1,1,0,0
"POINT (9.649887427000067 52.394122698000047)",Unfall 426 (2021) Kat:3, Licht: 0,426,3,6,4,06,11,1,,0,0,1,0,0
"POINT (9.791135177000058 52.533013343000050)",Unfall 427 (2021) Kat:3, Licht: 0,427,3,6,2,05,13,7,,0,0,1,0,0
"POINT (10.257249656000056 52.441236444000026)",Unfall 428 (2021) Kat:1, Licht: 0,428,1,3,5,04,16,7,,0,0,1,0,1
"POINT (9.648601159000066 52.412691808000034)",Unfall 429 (2021) Kat:3, Licht: 0,429,3,6,3,04,15,7,,0,0,1,0,0
"POINT (9.472598333000064 52.505818213000055)",Unfall 430 (2021) Kat:3, Licht: 0,430,3,3,5,04,13,5,,0,0,1,0,0
"POINT (9.817798691000064 52.408867579000059)",Unfall 431 (2021) Kat:3, Licht: 0,431,3,3,5,05,15,1,,0,1,1,0,0
"POINT (9.807212682000056 52.336068582000053)",Unfall 432 (2021) Kat:3, Licht: 0,432,3,3,3,05,13,7,,0,0,1,0,1
"POINT (9.751169800000071 52.359259387000066)",Unfall 433 (2021) Kat:3, Licht: 0,433,3,2,0,04,12,5,,0,1,0,0,0
"POINT (9.847981541000024 52.329900854000073)",Unfall 434 (2021) Kat:2, Licht: 0,434,2,6,0,06,19,7,,0,1,1,0,0
"POINT (9.678341116000070 52.440955422000059)",Unfall 435 (2021) Kat:3, Licht: 2,435,3,1,8,04,23,1,,2,0,1,0,0
"POINT (9.733363807000046 52.438629139000057)",Unfall 436 (2021) Kat:3, Licht: 0,436,3,3,0,05,08,4,,0,1,1,0,0
"POINT (9.714732795000032 52.366582029000028)",Unfall 437 (2021) Kat:3, Licht: 0,437,3,5,0,06,08,2,,0,1,1,0,0
"POINT (9.474168860000077 52.387274691000073)",Unfall 438 (2021) Kat:3, Licht: 0,438,3,1,9,05,16,1,,0,0,1,0,0
"POINT (9.766113236000024 52.279335742000058)",Unfall 439 (2021) Kat:3, Licht: 0,439,3,2,5,05,07,5,,0,0,1,0,0
"POINT (9.727050135000070 52.366889608000065)",Unfall 440 (2021) Kat:3, Licht: 0,440,3,6,3,04,12,6,,0,0,1,0,0
"POINT (10.114366033000067 52.349282938000044)",Unfall 441 (2021) Kat:3, Licht: 0,441,3,2,4,06,07,2,,0,1,1,0,0
"POINT (9.857449716000076 52.497889008000072)",Unfall 442 (2021) Kat:3, Licht: 0,442,3,3,5,05,14,4,,0,0,1,0,0
"POINT (9.708764350000024 52.408577861000026)",Unfall 443 (2021) Kat:3, Licht: 0,443,3,6,3,04,12,7,,0,0,1,0,0
"POINT (9.456494699000075 52.495460974000082)",Unfall 444 (2021) Kat:3, Licht: 0,444,3,2,2,04,12,6,,0,0,1,0,0
"POINT (9.978775461000055 52.389495763000070)",Unfall 445 (2021) Kat:3, Licht: 0,445,3,7,3,04,05,3,,0,0,1,0,0
"POINT (9.792724598000063 52.393900960000053)",Unfall 446 (2021) Kat:3, Licht: 0,446,3,6,2,06,16,5,,0,0,1,0,0
"POINT (9.728035465000062 52.336140245000081)",Unfall 447 (2021) Kat:3, Licht: 0,447,3,6,2,06,17,1,,0,0,1,0,0
"POINT (9.698801085000071 52.564021119000074)",Unfall 448 (2021) Kat:2, Licht: 0,448,2,1,8,04,11,6,,0,0,1,0,0
"POINT (9.942961788000048 52.442898849000073)",Unfall 449 (2021) Kat:3, Licht: 0,449,3,7,8,05,15,1,,0,1,0,0,0
"POINT (9.747998038000048 52.217075101000034)",Unfall 450 (2021) Kat:3, Licht: 0,450,3,6,2,06,16,4,,0,0,1,0,0
"POINT (9.474248567000075 52.389281775000029)",Unfall 451 (2021) Kat:2, Licht: 0,451,2,2,4,05,14,2,,0,0,1,0,1
"POINT (9.810427127000025 52.382502507000027)",Unfall 452 (2021) Kat:3, Licht: 0,452,3,1,8,04,08,5,,0,0,0,0,1
"POINT (9.735137367000050 52.393955715000061)",Unfall 453 (2021) Kat:3, Licht: 0,453,3,6,2,05,10,7,,0,0,1,0,0
"POINT (9.726339342000074 52.380814793000070)",Unfall 454 (2021) Kat:3, Licht: 0,454,3,3,5,06,08,4,,0,1,1,0,0
"POINT (9.611689475000048 52.436748574000035)",Unfall 455 (2021) Kat:3, Licht: 0,455,3,4,6,05,18,3,,0,0,1,1,0
"POINT (9.691155171000048 52.332179699000051)",Unfall 456 (2021) Kat:3, Licht: 0,456,3,2,0,05,12,6,,0,0,0,0,0
"POINT (10.102023737000025 52.478470165000033)",Unfall 457 (2021) Kat:3, Licht: 0,457,3,1,8,04,17,4,,0,0,1,0,0
"POINT (9.822919011000067 52.362417451000056)",Unfall 458 (2021) Kat:3, Licht: 0,458,3,1,8,05,16,2,,0,0,0,0,1
"POINT (9.701079091000054 52.216078653000068)",Unfall 459 (2021) Kat:3, Licht: 0,459,3,3,5,04,17,7,,0,0,1,0,0
"POINT (9.757189664000066 52.435100021000039)",Unfall 460 (2021) Kat:3, Licht: 0,460,3,2,5,05,13,6,,0,0,1,0,0
"POINT (9.740352534000067 52.368268621000027)",Unfall 461 (2021) Kat:3, Licht: 0,461,3,6,3,04,14,5,,0,0,1,0,0
"POINT (9.673037250000050 52.441380154000058)",Unfall 462 (2021) Kat:3, Licht: 0,462,3,1,0,05,12,2,,0,1,0,0,0
"POINT (9.781976031000056 52.362996845000055)",Unfall 463 (2021) Kat:3, Licht: 0,463,3,6,2,04,16,2,,0,0,1,0,1
"POINT (9.827825046000044 52.354461045000050)",Unfall 464 (2021) Kat:3, Licht: 0,464,3,6,2,04,18,3,,0,0,1,0,0
"POINT (9.690012930000023 52.442216840000071)",Unfall 465 (2021) Kat:3, Licht: 0,465,3,6,2,04,15,5,,0,0,1,0,0
"POINT (9.771781291000025 52.342960258000062)",Unfall 466 (2021) Kat:3, Licht: 0,466,3,6,3,06,12,6,,0,0,1,0,0
"POINT (9.970751336000035 52.387078168000073)",Unfall 467 (2021) Kat:3, Licht: 0,467,3,3,5,04,15,7,,0,0,1,0,0
"POINT (9.891536773000041 52.312838015000068)",Unfall 468 (2021) Kat:3, Licht: 0,468,3,3,5,05,15,6,,0,0,1,0,0
"POINT (9.465076275000058 52.398162598000056)",Unfall 469 (2021) Kat:3, Licht: 0,469,3,2,5,04,08,2,,0,1,1,0,0
"POINT (9.472921458000030 52.301533475000042)",Unfall 470 (2021) Kat:3, Licht: 0,470,3,7,0,04,11,4,,0,1,0,0,0
"POINT (9.694988596000030 52.374542395000049)",Unfall 471 (2021) Kat:3, Licht: 0,471,3,6,2,05,17,5,,0,0,1,0,0
"POINT (9.581472437000059 52.356005098000026)",Unfall 472 (2021) Kat:3, Licht: 0,472,3,2,2,04,14,4,,0,0,1,0,0
"POINT (9.950481035000053 52.330285782000033)",Unfall 473 (2021) Kat:3, Licht: 0,473,3,3,5,05,06,2,,0,1,1,0,0
"POINT (9.467804065000053 52.462873525000077)",Unfall 474 (2021) Kat:1, Licht: 0,474,1,6,4,06,17,3,,0,1,0,0,0
"POINT (9.701909573000023 52.347403264000036)",Unfall 475 (2021) Kat:3, Licht: 0,475,3,6,2,04,13,3,,0,0,1,0,0
"POINT (9.569878292000055 52.450502446000030)",Unfall 476 (2021) Kat:3, Licht: 0,476,3,3,5,05,09,2,,0,0,1,0,0
"POINT (9.651890429000048 52.377020513000048)",Unfall 477 (2021) Kat:3, Licht: 0,477,3,3,5,06,16,4,,0,1,1,0,0
"POINT (9.722307037000064 52.378306170000030)",Unfall 478 (2021) Kat:3, Licht: 0,478,3,2,5,06,16,5,,0,1,1,0,0
"POINT (9.726202452000052 52.516575091000050)",Unfall 479 (2021) Kat:3, Licht: 0,479,3,1,8,06,16,7,,0,0,0,0,1
"POINT (9.913365521000060 52.395591787000058)",Unfall 480 (2021) Kat:2, Licht: 0,480,2,6,2,06,12,6,,0,0,1,0,0
"POINT (9.745760878000056 52.209351338000033)",Unfall 481 (2021) Kat:2, Licht: 0,481,2,2,4,05,16,4,,0,0,1,0,0
"POINT (9.694293669000047 52.374454450000030)",Unfall 482 (2021) Kat:3, Licht: 0,482,3,5,1,05,08,6,,0,0,1,0,0
"POINT (10.025045038000030 52.316777958000046)",Unfall 483 (2021) Kat:3, Licht: 0,483,3,3,5,05,15,5,,0,1,0,0,0
"POINT (9.746392438000044 52.365444990000071)",Unfall 484 (2021) Kat:2, Licht: 2,484,2,7,0,05,03,7,,2,0,0,0,0
"POINT (9.783982745000060 52.321779553000056)",Unfall 485 (2021) Kat:2, Licht: 0,485,2,3,5,05,08,3,,0,1,1,0,0
"POINT (9.791812898000046 52.335040009000068)",Unfall 486 (2021) Kat:3, Licht: 0,486,3,2,5,04,16,2,,0,1,1,0,0
"POINT (10.163634270000045 52.441915774000051)",Unfall 487 (2021) Kat:3, Licht: 1,487,3,7,0,05,21,7,,1,1,0,0,0
"POINT (9.799345938000044 52.409799075000080)",Unfall 488 (2021) Kat:3, Licht: 0,488,3,3,5,05,17,5,,0,1,1,0,0
"POINT (9.585431766000056 52.435280062000061)",Unfall 489 (2021) Kat:3, Licht: 0,489,3,3,5,05,08,3,,0,0,1,0,0
"POINT (9.736172737000061 52.399422211000058)",Unfall 490 (2021) Kat:3, Licht: 0,490,3,2,5,06,16,6,,0,1,1,0,0
"POINT (9.906649350000066 52.343995489000065)",Unfall 491 (2021) Kat:3, Licht: 0,491,3,7,8,06,17,3,,0,0,1,0,0
"POINT (9.773275127000034 52.323320005000028)",Unfall 492 (2021) Kat:3, Licht: 0,492,3,4,0,04,12,6,,0,0,1,1,0
"POINT (9.719613497000068 52.367521902000078)",Unfall 493 (2021) Kat:3, Licht: 0,493,3,6,2,05,17,3,,0,0,1,0,1
"POINT (9.728380571000059 52.381627443000070)",Unfall 494 (2021) Kat:3, Licht: 0,494,3,3,0,04,10,6,,0,1,0,0,0
"POINT (9.697775275000026 52.377112688000068)",Unfall 495 (2021) Kat:3, Licht: 0,495,3,6,2,04,17,5,,0,0,1,0,0
"POINT (9.642553882000072 52.414649864000069)",Unfall 496 (2021) Kat:3, Licht: 0,496,3,6,2,04,12,7,,0,0,1,0,0
"POINT (9.746173017000046 52.184342691000040)",Unfall 497 (2021) Kat:3, Licht: 0,497,3,3,5,06,07,4,,0,1,1,0,0
"POINT (9.700877626000022 52.371246307000035)",Unfall 498 (2021) Kat:3, Licht: 2,498,3,6,0,05,21,4,,2,0,1,0,0
"POINT (9.734848273000068 52.392618729000048)",Unfall 499 (2021) Kat:3, Licht: 0,499,3,5,2,06,15,7,,0,0,1,0,0
"POINT (9.817602748000070 52.408920632000047)",Unfall 500 (2021) Kat:3, Licht: 0,500,3,6,2,04,19,7,,0,0,1,0,0
"POINT (9.723003697000024 52.358107815000039)",Unfall 501 (2021) Kat:3, Licht: 0,501,3,1,8,05,19,7,,0,1,0,0,0
"POINT (9.668012367000074 52.239083487000073)",Unfall 502 (2021) Kat:3, Licht: 0,502,3,3,5,05,13,6,,0,1,0,0,0
"POINT (9.961440269000036 52.302330390000066)",Unfall 503 (2021) Kat:2, Licht: 0,503,2,6,4,05,07,6,,0,0,1,0,0
"POINT (9.804452439000045 52.370546944000068)",Unfall 504 (2021) Kat:3, Licht: 0,504,3,1,0,05,12,5,,0,1,0,0,0
"POINT (9.452743604000034 52.512673897000070)",Unfall 505 (2021) Kat:3, Licht: 0,505,3,2,4,04,15,4,,0,0,1,0,0
"POINT (9.525107914000046 52.365732309000066)",Unfall 506 (2021) Kat:3, Licht: 0,506,3,7,8,04,18,4,,0,0,1,0,0
"POINT (9.488089778000074 52.308196405000047)",Unfall 507 (2021) Kat:3, Licht: 0,507,3,6,2,05,15,5,,0,0,1,0,0
"POINT (9.665771760000041 52.357708899000045)",Unfall 508 (2021) Kat:2, Licht: 0,508,2,2,5,04,17,6,,0,1,1,0,0
"POINT (9.736266788000023 52.397666949000040)",Unfall 509 (2021) Kat:3, Licht: 0,509,3,2,5,05,16,1,,0,1,1,0,0
"POINT (9.374443895000070 52.455709969000054)",Unfall 510 (2021) Kat:3, Licht: 0,510,3,4,6,05,16,2,,0,0,1,1,0
"POINT (9.685653407000075 52.374822161000054)",Unfall 511 (2021) Kat:3, Licht: 0,511,3,6,2,06,14,6,,0,0,1,0,1
"POINT (9.963936416000024 52.315187148000064)",Unfall 512 (2021) Kat:3, Licht: 0,512,3,7,0,06,14,1,,0,1,0,0,0
"POINT (9.723896070000023 52.379551116000073)",Unfall 513 (2021) Kat:2, Licht: 2,513,2,6,3,05,21,1,,2,1,0,0,0
"POINT (9.717292038000039 52.396472744000050)",Unfall 514 (2021) Kat:3, Licht: 2,514,3,7,6,06,00,4,,2,0,1,1,0
"POINT (9.467912674000047 52.462306518000048)",Unfall 515 (2021) Kat:3, Licht: 0,515,3,6,4,05,15,3,,0,0,1,0,0
"POINT (9.740296585000067 52.302206487000035)",Unfall 516 (2021) Kat:3, Licht: 0,516,3,7,0,06,18,6,,0,1,0,0,0
"POINT (9.860417304000066 52.517302374000053)",Unfall 517 (2021) Kat:3, Licht: 0,517,3,1,0,06,14,2,,0,0,0,0,1
"POINT (9.679757632000076 52.275990218000061)",Unfall 518 (2021) Kat:3, Licht: 2,518,3,7,8,06,23,4,,2,0,0,0,1
"POINT (9.466413006000039 52.460203684000078)",Unfall 519 (2021) Kat:3, Licht: 0,519,3,7,9,04,12,6,,0,0,1,0,0
"POINT (9.735782472000039 52.399932315000058)",Unfall 520 (2021) Kat:3, Licht: 0,520,3,6,3,04,15,3,,0,0,1,0,0
"POINT (9.740913934000048 52.427364570000066)",Unfall 521 (2021) Kat:2, Licht: 0,521,2,6,2,06,09,6,,0,0,1,0,0
"POINT (9.484142671000029 52.303703931000030)",Unfall 522 (2021) Kat:2, Licht: 0,522,2,3,5,05,11,4,,0,0,1,0,1
"POINT (9.587916438000036 52.582274098000028)",Unfall 523 (2021) Kat:3, Licht: 1,523,3,2,2,05,11,7,,1,0,1,0,1
"POINT (9.491100159000041 52.398762194000028)",Unfall 524 (2021) Kat:3, Licht: 0,524,3,6,2,06,15,2,,0,0,1,0,0
"POINT (9.736136961000057 52.466884480000033)",Unfall 525 (2021) Kat:3, Licht: 0,525,3,6,2,04,11,5,,0,0,1,0,0
"POINT (9.574229829000046 52.271821946000046)",Unfall 526 (2021) Kat:3, Licht: 0,526,3,5,1,05,15,7,,0,1,1,0,0
"POINT (9.826298683000061 52.289661948000060)",Unfall 527 (2021) Kat:3, Licht: 0,527,3,2,5,05,20,4,,0,1,1,0,0
"POINT (9.751208176000034 52.359209800000031)",Unfall 528 (2021) Kat:3, Licht: 0,528,3,2,5,05,09,5,,0,1,1,0,0
"POINT (9.774600114000066 52.371041537000053)",Unfall 529 (2021) Kat:3, Licht: 0,529,3,2,5,05,17,6,,0,1,1,0,0
"POINT (9.623920197000075 52.425398375000043)",Unfall 530 (2021) Kat:3, Licht: 0,530,3,6,2,05,08,3,,0,0,1,0,0
"POINT (9.779820543000028 52.425550130000033)",Unfall 531 (2021) Kat:2, Licht: 0,531,2,1,0,06,19,7,,0,1,0,0,0
"POINT (9.825579712000035 52.340752303000045)",Unfall 532 (2021) Kat:3, Licht: 0,532,3,7,5,05,12,7,,0,0,1,0,0
"POINT (9.506541081000023 52.478033543000038)",Unfall 533 (2021) Kat:1, Licht: 0,533,1,1,8,06,07,2,,0,0,1,0,0
"POINT (9.768267867000077 52.338401734000058)",Unfall 534 (2021) Kat:3, Licht: 0,534,3,6,0,06,17,4,,0,1,1,0,0
"POINT (9.723455370000067 52.363277718000063)",Unfall 535 (2021) Kat:3, Licht: 2,535,3,1,0,05,22,6,,2,0,0,0,0
"POINT (9.612901698000030 52.430916450000041)",Unfall 536 (2021) Kat:3, Licht: 0,536,3,6,2,06,17,3,,0,0,1,0,0
"POINT (9.734279538000067 52.413536495000074)",Unfall 537 (2021) Kat:3, Licht: 0,537,3,2,5,05,15,2,,0,1,1,0,0
"POINT (9.837021186000072 52.277031869000041)",Unfall 538 (2021) Kat:3, Licht: 0,538,3,1,0,06,17,3,,0,1,0,0,0
"POINT (9.755686987000047 52.590728765000051)",Unfall 539 (2021) Kat:3, Licht: 0,539,3,7,3,04,13,5,,0,0,1,0,0
"POINT (9.728621724000050 52.381705951000072)",Unfall 540 (2021) Kat:3, Licht: 0,540,3,5,1,04,14,4,,0,0,1,0,0
"POINT (9.949021413000025 52.371946054000034)",Unfall 541 (2021) Kat:2, Licht: 0,541,2,2,5,04,17,4,,0,0,1,0,1
"POINT (9.734579862000032 52.391377261000059)",Unfall 542 (2021) Kat:3, Licht: 0,542,3,5,1,06,18,7,,0,0,1,0,0
"POINT (9.590041114000030 52.438887777000048)",Unfall 543 (2021) Kat:3, Licht: 0,543,3,6,2,06,11,3,,0,0,1,0,0
"POINT (9.860427725000022 52.517369249000069)",Unfall 544 (2021) Kat:2, Licht: 0,544,2,3,5,06,15,5,,0,0,1,0,1
"POINT (9.701117026000077 52.216085857000053)",Unfall 545 (2021) Kat:3, Licht: 0,545,3,3,5,06,19,3,,0,0,1,0,0
"POINT (9.720428707000053 52.337965239000027)",Unfall 546 (2021) Kat:3, Licht: 0,546,3,1,0,06,15,5,,0,0,0,0,1
"POINT (9.367965393000077 52.454793095000070)",Unfall 547 (2021) Kat:2, Licht: 0,547,2,2,3,06,12,7,,0,1,0,0,1
"POINT (9.729534766000029 52.384408823000058)",Unfall 548 (2021) Kat:3, Licht: 0,548,3,6,0,05,11,2,,0,0,1,0,1
"POINT (9.722529775000055 52.378449603000035)",Unfall 549 (2021) Kat:3, Licht: 0,549,3,2,2,04,13,7,,0,0,1,0,0
"POINT (9.817745460000026 52.299772238000060)",Unfall 550 (2021) Kat:3, Licht: 0,550,3,6,2,05,17,3,,0,0,1,0,0
"POINT (9.777676367000026 52.328067310000051)",Unfall 551 (2021) Kat:3, Licht: 0,551,3,6,2,05,14,2,,0,0,1,0,0
"POINT (9.725676031000035 52.427405762000035)",Unfall 552 (2021) Kat:3, Licht: 0,552,3,6,3,05,15,4,,0,0,1,0,0
"POINT (9.734473159000061 52.412118054000075)",Unfall 553 (2021) Kat:3, Licht: 0,553,3,6,2,05,14,3,,0,0,1,0,0
"POINT (10.133796290000021 52.459244367000053)",Unfall 554 (2021) Kat:3, Licht: 0,554,3,3,5,06,17,2,,0,0,1,0,0
"POINT (9.821307530000070 52.562707828000043)",Unfall 555 (2021) Kat:2, Licht: 0,555,2,6,2,04,18,5,,0,0,1,0,0
"POINT (9.614130784000054 52.257645846000059)",Unfall 556 (2021) Kat:3, Licht: 0,556,3,5,1,05,16,4,,0,0,1,0,0
"POINT (9.757125441000028 52.319630704000076)",Unfall 557 (2021) Kat:3, Licht: 0,557,3,3,5,05,15,7,,0,1,1,0,0
"POINT (9.462526011000023 52.305001333000064)",Unfall 558 (2021) Kat:3, Licht: 0,558,3,4,6,05,17,3,,0,0,1,1,0
"POINT (9.713415170000076 52.361929455000052)",Unfall 559 (2021) Kat:3, Licht: 0,559,3,6,2,05,19,1,,0,0,1,0,0
"POINT (9.518496557000049 52.458001775000071)",Unfall 560 (2021) Kat:3, Licht: 0,560,3,3,5,05,11,6,,0,0,1,0,0