WKT,Name,OBJECTID,UKATEGORIE,UTYP1,UART,UMONAT,USTUNDE,UWOCHENTAG,STRZUSTAND,ULICHTVERH,ISTRAD,ISTPKW,ISTFUSS,ISTKRAD
"POINT (9.736209998000049 52.557756193000046)",Unfall 561 (2021) Kat:3, Licht: 0,561,3,2,5,04,13,6,,0,1,0,0,0
"POINT (9.614374713000075 52.450631837000060)",Unfall 562 (2021) Kat:2, Licht: 0,562,2,6,4,06,13,4,,0,0,1,0,0
"POINT (9.718869043000041 52.333463279000057)",Unfall 563 (2021) Kat:3, Licht: 0,563,3,3,5,05,10,7,,0,0,1,0,0
"POINT (9.654054682000037 52.425081409000029)",Unfall 564 (2021) Kat:3, Licht: 0,564,3,6,3,04,11,7,,0,0,1,0,0
"POINT (9.662806245000070 52.171239453000055)",Unfall 565 (2021) Kat:2, Licht: 0,565,2,2,2,05,17,2,,0,0,1,0,1
"POINT (9.797320153000044 52.414019160000066)",Unfall 566 (2021) Kat:3, Licht: 0,566,3,7,2,05,18,3,,0,0,1,0,0
"POINT (10.056367445000035 52.407390877000068)",Unfall 567 (2021) Kat:2, Licht: 0,567,2,1,9,05,13,4,,0,0,1,0,0
"POINT (9.768193180000026 52.290592114000049)",Unfall 568 (2021) Kat:3, Licht: 0,568,3,4,2,05,13,7,,0,1,1,1,0
"POINT (10.229713812000057 52.467689150000069)",Unfall 569 (2021) Kat:3, Licht: 0,569,3,1,8,05,14,4,,0,0,1,0,0
"POINT (9.864208517000066 52.489029939000034)",Unfall 570 (2021) Kat:3, Licht: 0,570,3,3,5,06,08,2,,0,1,0,0,0
"POINT (9.526343043000054 52.448969019000060)",Unfall 571 (2021) Kat:3, Licht: 0,571,3,1,9,05,20,4,,0,0,0,0,1
"POINT (9.802744561000054 52.310896712000044)",Unfall 572 (2021) Kat:3, Licht: 0,572,3,1,0,06,17,1,,0,1,0,0,0
"POINT (9.493104646000063 52.366787596000052)",Unfall 573 (2021) Kat:1, Licht: 0,573,1,3,5,05,08,2,,0,0,1,0,1
"POINT (9.747514991000060 52.363994693000052)",Unfall 574 (2021) Kat:2, Licht: 0,574,2,1,8,05,17,5,,0,0,1,0,1
"POINT (9.661167753000029 52.386491462000038)",Unfall 575 (2021) Kat:2, Licht: 0,575,2,3,5,06,12,6,,0,1,1,0,0
"POINT (9.915383077000058 52.512459635000027)",Unfall 576 (2021) Kat:3, Licht: 0,576,3,3,5,04,16,6,,0,1,1,0,0
"POINT (9.456887923000068 52.499762836000059)",Unfall 577 (2021) Kat:3, Licht: 0,577,3,3,5,04,11,3,,0,1,1,0,0
"POINT (9.898356469000021 52.382152516000076)",Unfall 578 (2021) Kat:3, Licht: 0,578,3,5,1,06,12,4,,0,0,1,0,0
"POINT (9.844371213000045 52.274015132000045)",Unfall 579 (2021) Kat:3, Licht: 0,579,3,3,5,05,15,4,,0,1,1,0,0
"POINT (9.439096000000063 52.423187064000047)",Unfall 580 (2021) Kat:2, Licht: 2,580,2,7,9,06,23,7,,2,0,1,0,0
"POINT (9.626360849000037 52.329548556000077)",Unfall 581 (2021) Kat:3, Licht: 2,581,3,1,8,04,00,1,,2,0,1,0,0
"POINT (9.451449510000032 52.424012429000072)",Unfall 582 (2021) Kat:3, Licht: 0,582,3,6,2,04,17,1,,0,0,1,0,0
"POINT (9.789486391000025 52.316983550000032)",Unfall 583 (2021) Kat:3, Licht: 0,583,3,2,6,06,14,4,,0,0,1,1,0
"POINT (9.752034299000059 52.571961854000051)",Unfall 584 (2021) Kat:3, Licht: 2,584,3,1,9,05,02,7,,2,0,1,0,0
"POINT (9.514928070000053 52.284591326000054)",Unfall 585 (2021) Kat:3, Licht: 0,585,3,3,5,05,12,7,,0,1,1,0,0
"POINT (9.597950759000071 52.409189410000067)",Unfall 586 (2021) Kat:3, Licht: 0,586,3,6,2,06,06,3,,0,0,1,0,0
"POINT (9.508735940000065 52.428139190000081)",Unfall 587 (2021) Kat:3, Licht: 0,587,3,3,5,05,12,5,,0,0,1,0,1
"POINT (9.734471778000056 52.412126955000076)",Unfall 588 (2021) Kat:3, Licht: 0,588,3,6,2,04,15,3,,0,0,1,0,0
"POINT (9.848271317000069 52.355262823000032)",Unfall 589 (2021) Kat:3, Licht: 0,589,3,6,0,04,11,6,,0,0,1,0,1
"POINT (9.806459870000026 52.372106304000056)",Unfall 590 (2021) Kat:3, Licht: 0,590,3,6,2,04,14,5,,0,0,1,0,0
"POINT (9.727238959000033 52.366798702000040)",Unfall 591 (2021) Kat:3, Licht: 0,591,3,6,2,04,12,6,,0,0,1,0,0
"POINT (9.450514494000060 52.307785652000064)",Unfall 592 (2021) Kat:3, Licht: 0,592,3,1,0,04,18,3,,0,0,0,0,1
"POINT (9.460021148000067 52.307735486000070)",Unfall 593 (2021) Kat:3, Licht: 0,593,3,2,2,06,12,6,,0,0,1,0,0
"POINT (9.731613727000024 52.383520930000032)",Unfall 594 (2021) Kat:3, Licht: 0,594,3,6,3,05,18,1,,0,0,1,0,1
"POINT (9.979767990000028 52.402881715000035)",Unfall 595 (2021) Kat:3, Licht: 0,595,3,3,5,06,13,2,,0,1,1,0,0
"POINT (9.679321525000034 52.359464028000048)",Unfall 596 (2021) Kat:3, Licht: 0,596,3,1,0,06,18,4,,0,1,0,0,0
"POINT (9.756475121000051 52.370170266000059)",Unfall 597 (2021) Kat:3, Licht: 0,597,3,2,3,05,07,3,,0,1,1,0,0
"POINT (9.601473363000025 52.288128008000058)",Unfall 598 (2021) Kat:3, Licht: 0,598,3,1,8,05,17,6,,0,0,1,0,0
"POINT (9.659609383000031 52.356704145000037)",Unfall 599 (2021) Kat:3, Licht: 0,599,3,2,5,06,16,4,,0,1,1,0,0
"POINT (9.585560488000056 52.435392276000073)",Unfall 600 (2021) Kat:3, Licht: 1,600,3,2,2,04,20,5,,1,0,1,0,0
"POINT (9.513425116000064 52.411292865000064)",Unfall 601 (2021) Kat:3, Licht: 0,601,3,6,2,05,14,3,,0,0,0,0,0
"POINT (9.780347464000045 52.270088275000035)",Unfall 602 (2021) Kat:2, Licht: 0,602,2,7,8,04,10,7,,0,0,1,0,0
"POINT (9.721469431000060 52.361394920000066)",Unfall 603 (2021) Kat:2, Licht: 0,603,2,4,6,05,12,6,,0,0,1,1,0
"POINT (9.429488989000049 52.529159283000070)",Unfall 604 (2021) Kat:3, Licht: 0,604,3,1,9,05,12,3,,0,0,1,0,0
"POINT (9.889086957000075 52.351370535000058)",Unfall 605 (2021) Kat:3, Licht: 2,605,3,3,5,04,21,2,,2,0,1,0,1
"POINT (9.686991043000035 52.426230630000077)",Unfall 606 (2021) Kat:3, Licht: 0,606,3,6,2,06,15,3,,0,0,1,0,0
"POINT (9.702919425000061 52.415138503000037)",Unfall 607 (2021) Kat:3, Licht: 0,607,3,2,4,05,10,5,,0,0,1,0,0
"POINT (9.352888032000067 52.442769660000067)",Unfall 608 (2021) Kat:3, Licht: 0,608,3,6,2,05,13,1,,0,0,0,0,1
"POINT (9.746698315000060 52.365206222000040)",Unfall 609 (2021) Kat:3, Licht: 0,609,3,7,0,05,12,6,,0,1,0,0,0
"POINT (9.818075036000039 52.297266809000064)",Unfall 610 (2021) Kat:3, Licht: 0,610,3,6,2,04,18,5,,0,0,1,0,0
"POINT (9.726395157000070 52.380839112000046)",Unfall 611 (2021) Kat:3, Licht: 0,611,3,3,5,04,11,2,,0,1,1,0,0
"POINT (9.731943717000036 52.429752402000076)",Unfall 612 (2021) Kat:2, Licht: 0,612,2,7,5,05,12,5,,0,0,1,0,0
"POINT (9.771603808000066 52.370878574000074)",Unfall 613 (2021) Kat:3, Licht: 0,613,3,6,2,04,14,4,,0,0,1,0,0
"POINT (9.796552496000061 52.371211148000043)",Unfall 614 (2021) Kat:3, Licht: 1,614,3,2,6,04,20,4,,1,0,1,1,0
"POINT (9.392118494000044 52.420246346000056)",Unfall 615 (2021) Kat:2, Licht: 1,615,2,6,7,06,19,6,,1,0,0,0,1
"POINT (9.685516732000053 52.374763033000079)",Unfall 616 (2021) Kat:3, Licht: 0,616,3,6,2,06,07,5,,0,0,1,0,0
"POINT (9.878527108000071 52.399646795000081)",Unfall 617 (2021) Kat:3, Licht: 2,617,3,6,2,05,03,6,,2,0,1,0,0
"POINT (9.725476107000077 52.380432076000034)",Unfall 618 (2021) Kat:3, Licht: 0,618,3,6,2,05,10,5,,0,0,1,0,0
"POINT (9.835911485000054 52.409750207000059)",Unfall 619 (2021) Kat:2, Licht: 0,619,2,6,2,05,14,2,,0,0,1,0,1
"POINT (9.543401873000050 52.420995800000071)",Unfall 620 (2021) Kat:3, Licht: 0,620,3,6,2,05,16,6,,0,0,0,0,0
"POINT (9.498331262000022 52.353740084000037)",Unfall 621 (2021) Kat:2, Licht: 0,621,2,1,4,05,18,4,,0,1,1,0,0
"POINT (9.783870693000040 52.346011255000064)",Unfall 622 (2021) Kat:3, Licht: 0,622,3,6,3,05,18,3,,0,0,1,0,0
"POINT (9.740263871000025 52.368259520000038)",Unfall 623 (2021) Kat:3, Licht: 0,623,3,2,5,06,14,7,,0,1,1,0,0
"POINT (9.640974356000072 52.173392081000031)",Unfall 624 (2021) Kat:3, Licht: 0,624,3,3,5,05,13,1,,0,0,1,0,0
"POINT (9.725732755000024 52.525156597000034)",Unfall 625 (2021) Kat:1, Licht: 0,625,1,2,5,05,11,4,,0,1,1,0,0
"POINT (9.784171380000032 52.321565557000042)",Unfall 626 (2021) Kat:3, Licht: 0,626,3,2,5,05,17,4,,0,1,1,0,0
"POINT (9.431818992000046 52.422476725000081)",Unfall 627 (2021) Kat:3, Licht: 0,627,3,3,5,04,19,2,,0,1,1,0,0
"POINT (9.769734853000045 52.336698737000063)",Unfall 628 (2021) Kat:3, Licht: 0,628,3,6,4,06,18,4,,0,1,0,0,0
"POINT (9.697773123000047 52.377114721000055)",Unfall 629 (2021) Kat:3, Licht: 0,629,3,6,2,05,15,5,,0,0,1,0,0
"POINT (9.711528549000036 52.421732018000057)",Unfall 630 (2021) Kat:3, Licht: 0,630,3,3,5,05,16,2,,0,0,1,0,0
"POINT (9.569884697000020 52.595167763000063)",Unfall 631 (2021) Kat:2, Licht: 0,631,2,2,5,06,12,6,,0,0,0,0,1
"POINT (9.847643264000055 52.392769567000073)",Unfall 632 (2021) Kat:3, Licht: 2,632,3,7,0,06,23,3,,2,1,0,0,0
"POINT (9.616459956000028 52.354296045000069)",Unfall 633 (2021) Kat:3, Licht: 0,633,3,3,5,06,16,5,,0,1,1,0,0
"POINT (9.866377331000024 52.340184557000043)",Unfall 634 (2021) Kat:2, Licht: 0,634,2,6,2,04,07,5,,0,0,0,0,0
"POINT (9.650472107000041 52.391059670000061)",Unfall 635 (2021) Kat:3, Licht: 0,635,3,2,2,05,10,3,,0,0,1,0,0
"POINT (9.758587257000045 52.427063037000039)",Unfall 636 (2021) Kat:3, Licht: 0,636,3,6,2,04,17,4,,0,0,1,0,0
"POINT (9.733634912000070 52.369154803000072)",Unfall 637 (2021) Kat:3, Licht: 0,637,3,3,5,06,19,6,,0,1,1,0,0
"POINT (9.722436182000024 52.378499856000076)",Unfall 638 (2021) Kat:3, Licht: 0,638,3,2,5,06,12,5,,0,1,1,0,0
"POINT (9.696031119000054 52.274848924000082)",Unfall 639 (2021) Kat:3, Licht: 0,639,3,1,8,04,12,6,,0,0,1,0,0
"POINT (9.909415287000058 52.279139678000035)",Unfall 640 (2021) Kat:3, Licht: 0,640,3,6,2,05,08,5,,0,0,1,0,0
"POINT (9.769758386000035 52.580545865000033)",Unfall 641 (2021) Kat:3, Licht: 2,641,3,7,2,06,23,5,,2,0,1,0,0
"POINT (9.587193394000053 52.415607486000056)",Unfall 642 (2021) Kat:3, Licht: 0,642,3,2,5,05,15,3,,0,1,1,0,0
"POINT (10.025062635000040 52.316776257000072)",Unfall 643 (2021) Kat:3, Licht: 0,643,3,2,2,05,14,4,,0,0,1,0,0
"POINT (9.620147432000067 52.406364604000032)",Unfall 644 (2021) Kat:3, Licht: 0,644,3,3,5,05,09,5,,0,1,1,0,0
"POINT (9.823496731000034 52.463255729000082)",Unfall 645 (2021) Kat:3, Licht: 0,645,3,2,5,04,11,4,,0,1,1,0,0
"POINT (9.774985848000028 52.343278017000046)",Unfall 646 (2021) Kat:3, Licht: 0,646,3,6,2,04,13,4,,0,0,1,0,1
"POINT (9.862140930000066 52.380863458000078)",Unfall 647 (2021) Kat:3, Licht: 0,647,3,2,3,05,16,5,,0,1,1,0,0
"POINT (9.668871233000061 52.345361702000048)",Unfall 648 (2021) Kat:3, Licht: 0,648,3,6,2,04,15,7,,0,0,1,0,0
"POINT (9.709486237000021 52.408066955000038)",Unfall 649 (2021) Kat:3, Licht: 0,649,3,6,2,06,16,6,,0,0,1,0,0
"POINT (9.642112774000054 52.579012116000058)",Unfall 650 (2021) Kat:3, Licht: 0,650,3,1,0,04,17,3,,0,0,0,0,1
"POINT (9.735035022000034 52.404618413000037)",Unfall 651 (2021) Kat:3, Licht: 0,651,3,6,2,04,14,5,,0,0,1,0,0
"POINT (9.809921795000037 52.333582086000035)",Unfall 652 (2021) Kat:3, Licht: 1,652,3,1,8,05,19,6,,1,0,1,0,0
"POINT (9.975915760000021 52.411427167000056)",Unfall 653 (2021) Kat:3, Licht: 0,653,3,7,8,05,15,7,,0,0,0,0,1
"POINT (9.460117338000032 52.308559537000065)",Unfall 654 (2021) Kat:3, Licht: 0,654,3,3,5,05,15,7,,0,0,1,0,0
"POINT (9.788593247000051 52.206497875000082)",Unfall 655 (2021) Kat:3, Licht: 0,655,3,6,4,05,13,1,,0,1,0,0,0
"POINT (9.735337168000058 52.613733477000039)",Unfall 656 (2021) Kat:3, Licht: 0,656,3,6,2,06,12,7,,0,0,1,0,0
"POINT (9.444213557000069 52.381046104000063)",Unfall 657 (2021) Kat:3, Licht: 0,657,3,1,9,05,18,4,,0,0,1,0,0
"POINT (9.651241171000038 52.420272059000069)",Unfall 658 (2021) Kat:3, Licht: 0,658,3,7,0,06,17,4,,0,1,0,0,0
"POINT (9.531352493000043 52.270680637000055)",Unfall 659 (2021) Kat:3, Licht: 0,659,3,5,0,05,13,1,,0,0,1,0,0
"POINT (9.856015536000029 52.388840684000058)",Unfall 660 (2021) Kat:3, Licht: 0,660,3,3,5,05,05,2,,0,1,0,0,0
"POINT (9.555074303000026 52.314698086000078)",Unfall 661 (2021) Kat:3, Licht: 0,661,3,1,8,06,15,7,,0,0,1,0,0
"POINT (9.376746980000064 52.417107463000036)",Unfall 662 (2021) Kat:3, Licht: 0,662,3,3,5,06,16,5,,0,0,1,0,1
"POINT (9.677516403000027 52.369577597000045)",Unfall 663 (2021) Kat:2, Licht: 0,663,2,3,5,06,18,1,,0,1,1,0,0
"POINT (9.725411656000063 52.524088285000062)",Unfall 664 (2021) Kat:3, Licht: 0,664,3,6,2,05,16,5,,0,0,1,0,0
"POINT (10.007359582000049 52.315559115000042)",Unfall 665 (2021) Kat:3, Licht: 0,665,3,7,0,06,12,6,,0,1,0,0,0
"POINT (9.719479895000063 52.345942659000059)",Unfall 666 (2021) Kat:3, Licht: 0,666,3,6,2,04,10,2,,0,0,1,0,0
"POINT (9.520275519000052 52.175921702000039)",Unfall 667 (2021) Kat:3, Licht: 0,667,3,6,2,05,14,6,,0,0,1,0,0
"POINT (9.464938380000035 52.337530818000062)",Unfall 668 (2021) Kat:2, Licht: 0,668,2,6,3,06,17,2,,0,0,1,0,0
"POINT (9.649449304000029 52.395118016000026)",Unfall 669 (2021) Kat:3, Licht: 0,669,3,6,2,05,14,4,,0,0,1,0,0
"POINT (9.826800791000039 52.341878954000038)",Unfall 670 (2021) Kat:3, Licht: 0,670,3,3,5,05,19,5,,0,0,1,0,0
"POINT (9.834491659000037 52.386712097000043)",Unfall 671 (2021) Kat:3, Licht: 0,671,3,3,5,04,15,4,,0,1,1,0,0
"POINT (9.427816666000069 52.551657524000063)",Unfall 672 (2021) Kat:3, Licht: 0,672,3,6,3,05,14,3,,0,1,1,0,0
"POINT (9.636541098000066 52.396523977000072)",Unfall 673 (2021) Kat:3, Licht: 0,673,3,2,4,05,14,2,,0,0,1,0,0
"POINT (9.481214499000032 52.554312139000046)",Unfall 674 (2021) Kat:2, Licht: 0,674,2,3,5,04,17,4,,0,1,1,0,0
"POINT (9.941162711000061 52.392302989000029)",Unfall 675 (2021) Kat:3, Licht: 0,675,3,7,8,06,15,1,,0,0,1,0,0
"POINT (9.534685697000043 52.470832603000076)",Unfall 676 (2021) Kat:3, Licht: 0,676,3,1,9,05,06,3,,0,0,1,0,0
"POINT (9.836157585000024 52.387141502000077)",Unfall 677 (2021) Kat:3, Licht: 0,677,3,6,0,04,11,3,,0,1,0,0,0
"POINT (9.804641103000051 52.338131371000031)",Unfall 678 (2021) Kat:3, Licht: 0,678,3,6,2,04,08,3,,0,0,1,0,0
"POINT (9.518035631000032 52.410579675000065)",Unfall 679 (2021) Kat:3, Licht: 0,679,3,3,5,05,18,6,,0,0,1,0,0
"POINT (9.821147940000060 52.408284344000037)",Unfall 680 (2021) Kat:3, Licht: 0,680,3,6,2,04,18,6,,0,0,1,0,0
"POINT (9.800160633000075 52.406394122000052)",Unfall 681 (2021) Kat:3, Licht: 0,681,3,6,3,06,13,6,,0,1,0,0,0
"POINT (9.750738333000072 52.359822702000031)",Unfall 682 (2021) Kat:3, Licht: 0,682,3,6,9,06,12,6,,0,1,0,0,0
"POINT (9.732895296000038 52.438633287000073)",Unfall 683 (2021) Kat:3, Licht: 0,683,3,3,5,04,11,5,,0,1,1,0,0
"POINT (9.695518392000054 52.361352873000044)",Unfall 684 (2021) Kat:3, Licht: 0,684,3,3,5,05,14,4,,0,1,1,0,0
"POINT (9.659661410000069 52.356711962000077)",Unfall 685 (2021) Kat:3, Licht: 0,685,3,2,5,04,15,1,,0,1,1,0,0
"POINT (9.733982615000059 52.386863787000038)",Unfall 686 (2021) Kat:2, Licht: 0,686,2,6,3,06,15,5,,0,1,0,0,0
"POINT (9.727604204000045 52.509039333000032)",Unfall 687 (2021) Kat:3, Licht: 0,687,3,3,5,06,15,5,,0,1,1,0,0
"POINT (9.454820282000071 52.306636719000039)",Unfall 688 (2021) Kat:3, Licht: 0,688,3,6,3,06,19,7,,0,0,1,0,0
"POINT (9.736342141000023 52.546564809000074)",Unfall 689 (2021) Kat:3, Licht: 0,689,3,1,8,06,09,6,,0,0,0,0,1
"POINT (9.802599491000024 52.340409056000055)",Unfall 690 (2021) Kat:3, Licht: 0,690,3,6,3,05,15,4,,0,0,1,0,0
"POINT (9.795845489000044 52.474173807000057)",Unfall 691 (2021) Kat:3, Licht: 0,691,3,3,5,06,15,5,,0,1,1,0,0
"POINT (9.723327157000028 52.377775002000078)",Unfall 692 (2021) Kat:3, Licht: 0,692,3,2,5,05,18,6,,0,1,1,0,0
"POINT (9.827228938000076 52.346931653000070)",Unfall 693 (2021) Kat:3, Licht: 0,693,3,3,0,05,17,2,,0,1,0,0,0
"POINT (9.732921237000028 52.423591398000042)",Unfall 694 (2021) Kat:3, Licht: 0,694,3,6,2,04,10,2,,0,0,1,0,0
"POINT (9.511893436000037 52.289117443000066)",Unfall 695 (2021) Kat:3, Licht: 1,695,3,7,0,04,05,2,,1,1,0,0,0
"POINT (9.648581675000059 52.396397514000057)",Unfall 696 (2021) Kat:3, Licht: 0,696,3,3,5,05,15,5,,0,1,1,0,0
"POINT (9.697677132000024 52.376391634000072)",Unfall 697 (2021) Kat:3, Licht: 0,697,3,6,2,05,13,7,,0,0,1,0,0
"POINT (9.733847682000032 52.479268881000053)",Unfall 698 (2021) Kat:3, Licht: 0,698,3,7,0,05,14,3,,0,0,0,1,0
"POINT (9.751535859000057 52.369513109000081)",Unfall 699 (2021) Kat:3, Licht: 0,699,3,1,0,05,15,6,,0,1,0,0,0
"POINT (9.567423578000046 52.300380691000043)",Unfall 700 (2021) Kat:3, Licht: 0,700,3,6,4,05,19,3,,0,0,1,0,0
"POINT (9.641369661000056 52.414280242000075)",Unfall 701 (2021) Kat:3, Licht: 0,701,3,6,2,04,12,7,,0,0,1,0,0
"POINT (9.623011771000051 52.260329227000057)",Unfall 702 (2021) Kat:3, Licht: 0,702,3,1,8,04,08,1,,0,0,1,0,0
"POINT (9.697252801000047 52.378094360000034)",Unfall 703 (2021) Kat:3, Licht: 0,703,3,6,2,06,15,6,,0,0,1,0,0
"POINT (9.683095834000028 52.241829042000063)",Unfall 704 (2021) Kat:2, Licht: 1,704,2,1,8,05,19,7,,1,0,1,0,0
"POINT (10.062423674000058 52.394685415000026)",Unfall 705 (2021) Kat:3, Licht: 0,705,3,3,0,06,11,4,,0,1,1,0,0
"POINT (9.859208247000026 52.487204393000070)",Unfall 706 (2021) Kat:2, Licht: 1,706,2,3,5,05,20,4,,1,1,1,0,0
"POINT (9.735422402000040 52.545053490000043)",Unfall 707 (2021) Kat:3, Licht: 0,707,3,6,6,04,11,7,,0,1,0,1,0
"POINT (9.827478110000072 52.361321967000038)",Unfall 708 (2021) Kat:3, Licht: 0,708,3,2,0,04,12,7,,0,1,1,0,0
"POINT (9.790025660000026 52.349261785000067)",Unfall 709 (2021) Kat:3, Licht: 0,709,3,6,2,04,16,4,,0,0,1,0,0
"POINT (9.629868088000023 52.484983122000074)",Unfall 710 (2021) Kat:3, Licht: 0,710,3,1,8,04,11,4,,0,0,0,0,1
"POINT (10.015140275000022 52.451950161000070)",Unfall 711 (2021) Kat:3, Licht: 0,711,3,3,5,04,13,6,,0,0,1,0,0
"POINT (9.651268667000068 52.337041675000080)",Unfall 712 (2021) Kat:3, Licht: 0,712,3,2,2,05,14,2,,0,0,1,0,0
"POINT (9.432873278000045 52.359222136000028)",Unfall 713 (2021) Kat:3, Licht: 0,713,3,6,2,04,14,2,,0,0,1,0,0
"POINT (9.670150871000033 52.347496485000079)",Unfall 714 (2021) Kat:2, Licht: 0,714,2,2,5,04,17,2,,0,0,1,0,0
"POINT (9.596069252000063 52.410016423000059)",Unfall 715 (2021) Kat:3, Licht: 0,715,3,6,4,04,16,4,,0,0,1,0,0
"POINT (9.635668083000041 52.421154467000065)",Unfall 716 (2021) Kat:3, Licht: 0,716,3,1,8,05,18,5,,0,0,1,0,0
"POINT (9.433993236000049 52.541440831000045)",Unfall 717 (2021) Kat:3, Licht: 0,717,3,7,8,05,13,3,,0,1,0,0,0
"POINT (9.555560421000052 52.275319208000042)",Unfall 718 (2021) Kat:3, Licht: 0,718,3,3,5,05,08,2,,0,0,1,0,0
"POINT (9.982765908000033 52.389101497000070)",Unfall 719 (2021) Kat:3, Licht: 2,719,3,7,2,06,03,5,,2,0,1,0,0
"POINT (9.570936821000032 52.446502897000073)",Unfall 720 (2021) Kat:2, Licht: 0,720,2,2,5,05,16,3,,0,1,1,0,0
"POINT (9.709642849000033 52.346838520000063)",Unfall 721 (2021) Kat:2, Licht: 0,721,2,3,5,05,16,6,,0,1,1,0,0
"POINT (9.627015805000042 52.423289806000071)",Unfall 722 (2021) Kat:3, Licht: 0,722,3,7,0,04,16,5,,0,0,0,0,1
"POINT (9.855169386000057 52.417127541000070)",Unfall 723 (2021) Kat:3, Licht: 0,723,3,6,2,05,10,4,,0,0,1,0,0
"POINT (9.466762143000039 52.381628526000043)",Unfall 724 (2021) Kat:3, Licht: 0,724,3,7,7,06,12,2,,0,0,1,0,0
"POINT (9.795437153000023 52.395028510000031)",Unfall 725 (2021) Kat:3, Licht: 0,725,3,6,2,06,08,4,,0,0,1,0,0
"POINT (9.464760134000073 52.350273372000061)",Unfall 726 (2021) Kat:3, Licht: 0,726,3,3,5,05,09,1,,0,1,1,0,0
"POINT (9.995814699000050 52.455211567000049)",Unfall 727 (2021) Kat:3, Licht: 0,727,3,3,5,05,16,1,,0,0,1,0,0
"POINT (9.808462370000029 52.306989856000030)",Unfall 728 (2021) Kat:3, Licht: 0,728,3,3,5,05,18,5,,0,0,1,0,0
"POINT (9.819380191000050 52.338848478000045)",Unfall 729 (2021) Kat:2, Licht: 0,729,2,4,6,04,13,4,,0,0,0,1,0
"POINT (9.719449220000058 52.440687668000066)",Unfall 730 (2021) Kat:3, Licht: 0,730,3,6,2,04,12,2,,0,0,1,0,0
"POINT (9.728370583000071 52.292745712000055)",Unfall 731 (2021) Kat:2, Licht: 0,731,2,3,5,06,13,2,,0,0,1,0,0
"POINT (9.835488338000062 52.468659078000030)",Unfall 732 (2021) Kat:3, Licht: 0,732,3,1,8,04,10,5,,0,1,0,0,0
"POINT (9.512466488000030 52.474623972000074)",Unfall 733 (2021) Kat:3, Licht: 0,733,3,6,2,06,07,2,,0,0,1,0,1
"POINT (9.647094045000074 52.413602256000047)",Unfall 734 (2021) Kat:3, Licht: 0,734,3,3,5,09,14,1,,0,0,1,0,0
"POINT (9.843619314000023 52.279530886000032)",Unfall 735 (2021) Kat:3, Licht: 2,735,3,1,8,08,21,1,,2,0,1,0,0
"POINT (9.857774188000064 52.481484724000040)",Unfall 736 (2021) Kat:3, Licht: 0,736,3,3,5,08,18,3,,0,0,1,0,1
"POINT (9.732562716000075 52.423901956000066)",Unfall 737 (2021) Kat:3, Licht: 0,737,3,6,2,07,16,3,,0,0,1,0,0
"POINT (9.818791587000021 52.384695162000071)",Unfall 738 (2021) Kat:3, Licht: 0,738,3,2,2,08,17,2,,0,0,1,0,0
"POINT (9.722167476000038 52.317236262000051)",Unfall 739 (2021) Kat:2, Licht: 0,739,2,3,5,07,13,2,,0,1,0,0,0
"POINT (9.775889167000059 52.427610172000072)",Unfall 740 (2021) Kat:3, Licht: 0,740,3,6,2,06,09,3,,0,0,1,0,0
"POINT (9.963121684000043 52.481907932000070)",Unfall 741 (2021) Kat:3, Licht: 0,741,3,1,8,07,12,5,,0,0,1,0,0
"POINT (9.509539015000030 52.508882357000061)",Unfall 742 (2021) Kat:1, Licht: 0,742,1,2,5,06,20,6,,0,0,0,0,1
"POINT (9.778800460000070 52.573321340000064)",Unfall 743 (2021) Kat:3, Licht: 0,743,3,6,2,07,16,5,,0,0,1,0,0
"POINT (9.690327209000031 52.374769939000032)",Unfall 744 (2021) Kat:3, Licht: 2,744,3,3,5,07,22,6,,2,0,1,0,0
"POINT (9.963321679000046 52.441043890000060)",Unfall 745 (2021) Kat:2, Licht: 0,745,2,7,8,07,09,4,,0,0,1,0,0
"POINT (9.786346656000035 52.389101430000039)",Unfall 746 (2021) Kat:3, Licht: 2,746,3,6,3,09,21,5,,2,0,1,0,0