WKT,Name,OBJECTID,UKATEGORIE,UTYP1,UART,UMONAT,USTUNDE,UWOCHENTAG,STRZUSTAND,ULICHTVERH,ISTRAD,ISTPKW,ISTFUSS,ISTKRAD
"POINT (9.732935549000047 52.616330850000054)",Unfall 933 (2021) Kat:3, Licht: 0,933,3,6,2,08,13,3,,0,0,1,0,0
"POINT (9.772189798000056 52.323304883000048)",Unfall 934 (2021) Kat:3, Licht: 0,934,3,1,0,07,15,5,,0,1,1,0,0
"POINT (10.019613636000031 52.384131871000079)",Unfall 935 (2021) Kat:3, Licht: 0,935,3,3,5,06,07,2,,0,0,1,0,0
"POINT (9.936657631000060 52.443484394000052)",Unfall 936 (2021) Kat:3, Licht: 2,936,3,1,9,07,21,4,,2,0,1,0,0
"POINT (9.698708895000038 52.347424467000053)",Unfall 937 (2021) Kat:3, Licht: 0,937,3,2,3,07,19,1,,0,0,1,0,0
"POINT (9.689884591000066 52.377609962000065)",Unfall 938 (2021) Kat:2, Licht: 0,938,2,3,0,08,11,5,,0,1,0,0,0
"POINT (9.628418351000050 52.292509356000039)",Unfall 939 (2021) Kat:3, Licht: 0,939,3,3,5,07,18,5,,0,1,1,0,0
"POINT (9.671500727000023 52.441388948000053)",Unfall 940 (2021) Kat:3, Licht: 0,940,3,3,5,08,08,2,,0,0,1,0,0
"POINT (9.722379861000036 52.378530096000077)",Unfall 941 (2021) Kat:3, Licht: 0,941,3,3,5,07,12,2,,0,0,1,0,0
"POINT (9.977082057000075 52.373107986000036)",Unfall 942 (2021) Kat:3, Licht: 0,942,3,7,0,09,18,4,,0,1,0,0,0
"POINT (9.742836995000062 52.368401186000028)",Unfall 943 (2021) Kat:3, Licht: 1,943,3,6,2,08,19,7,,1,0,1,0,0
"POINT (9.727998704000072 52.374215245000073)",Unfall 944 (2021) Kat:3, Licht: 0,944,3,2,3,06,15,3,,0,1,1,0,0
"POINT (9.719395883000061 52.392622848000030)",Unfall 945 (2021) Kat:3, Licht: 0,945,3,4,0,07,11,5,,0,1,0,1,0
"POINT (9.828926479000074 52.306432511000082)",Unfall 946 (2021) Kat:3, Licht: 0,946,3,1,9,07,20,5,,0,0,1,0,0
"POINT (9.903092891000028 52.353998622000063)",Unfall 947 (2021) Kat:3, Licht: 0,947,3,1,8,08,08,3,,0,0,0,0,1
"POINT (9.609101006000060 52.442982078000057)",Unfall 948 (2021) Kat:3, Licht: 0,948,3,7,0,07,14,2,,0,1,0,0,0
"POINT (9.770228337000049 52.580218518000038)",Unfall 949 (2021) Kat:3, Licht: 0,949,3,6,2,06,08,5,,0,0,1,0,0
"POINT (9.747257065000042 52.437209504000066)",Unfall 950 (2021) Kat:3, Licht: 0,950,3,6,2,06,15,3,,0,0,1,0,0
"POINT (9.471122345000026 52.502561596000078)",Unfall 951 (2021) Kat:3, Licht: 2,951,3,5,1,07,22,7,,2,0,1,0,0
"POINT (9.837977337000041 52.387409715000047)",Unfall 952 (2021) Kat:3, Licht: 0,952,3,6,4,07,11,2,,0,1,0,0,0
"POINT (9.863898616000029 52.337935321000032)",Unfall 953 (2021) Kat:3, Licht: 2,953,3,7,8,07,22,6,,2,0,1,0,0
"POINT (9.750080829000069 52.369281613000055)",Unfall 954 (2021) Kat:3, Licht: 0,954,3,2,4,07,12,4,,0,0,1,0,0
"POINT (9.457224054000051 52.503292091000048)",Unfall 955 (2021) Kat:3, Licht: 1,955,3,2,5,09,19,2,,1,1,1,0,0
"POINT (10.018539505000035 52.460228778000044)",Unfall 956 (2021) Kat:3, Licht: 0,956,3,6,2,08,10,7,,0,0,1,0,0
"POINT (9.873402266000028 52.439530906000073)",Unfall 957 (2021) Kat:3, Licht: 0,957,3,1,8,08,17,6,,0,0,1,0,0
"POINT (9.764986151000073 52.584106046000045)",Unfall 958 (2021) Kat:3, Licht: 0,958,3,7,2,08,06,2,,0,0,1,0,0
"POINT (9.758045443000071 52.589116322000052)",Unfall 959 (2021) Kat:3, Licht: 0,959,3,6,2,07,15,7,,0,0,1,0,0
"POINT (9.466210980000028 52.334989158000042)",Unfall 960 (2021) Kat:3, Licht: 2,960,3,6,2,08,22,7,,2,0,1,0,0
"POINT (9.720817493000027 52.355109386000038)",Unfall 961 (2021) Kat:3, Licht: 0,961,3,4,6,07,19,4,,0,1,0,1,0
"POINT (9.700998472000038 52.371144256000036)",Unfall 962 (2021) Kat:3, Licht: 0,962,3,6,2,07,06,5,,0,0,1,0,0
"POINT (9.798468933000038 52.541552244000059)",Unfall 963 (2021) Kat:3, Licht: 0,963,3,1,8,07,19,3,,0,0,0,0,1
"POINT (9.698829518000025 52.347740614000031)",Unfall 964 (2021) Kat:3, Licht: 0,964,3,2,3,07,14,7,,0,0,1,0,1
"POINT (9.830265518000033 52.297019095000053)",Unfall 965 (2021) Kat:3, Licht: 0,965,3,7,0,07,09,2,,0,0,1,0,0
"POINT (10.119825928000068 52.361255737000079)",Unfall 966 (2021) Kat:3, Licht: 0,966,3,6,2,06,12,5,,0,0,1,0,0
"POINT (9.839973394000026 52.271216464000076)",Unfall 967 (2021) Kat:2, Licht: 2,967,2,1,0,07,22,5,,2,1,0,0,0
"POINT (9.811810367000021 52.305486413000040)",Unfall 968 (2021) Kat:3, Licht: 0,968,3,1,0,07,12,6,,0,0,0,0,1
"POINT (9.791479809000066 52.315168749000065)",Unfall 969 (2021) Kat:1, Licht: 0,969,1,4,6,08,05,5,,0,0,0,1,0
"POINT (9.902206215000035 52.444866105000074)",Unfall 970 (2021) Kat:2, Licht: 0,970,2,7,8,06,14,3,,0,0,1,0,0
"POINT (9.953114308000067 52.391011431000038)",Unfall 971 (2021) Kat:3, Licht: 0,971,3,7,3,08,10,6,,0,0,1,0,0
"POINT (9.723443485000075 52.377712794000047)",Unfall 972 (2021) Kat:3, Licht: 0,972,3,2,5,06,06,3,,0,1,1,0,0
"POINT (9.670830758000022 52.382672523000053)",Unfall 973 (2021) Kat:2, Licht: 0,973,2,2,5,09,12,5,,0,1,1,0,0
"POINT (9.719940959000041 52.392055971000048)",Unfall 974 (2021) Kat:3, Licht: 0,974,3,2,5,09,11,5,,0,1,0,0,0
"POINT (9.676992792000021 52.479126860000065)",Unfall 975 (2021) Kat:2, Licht: 0,975,2,1,8,06,14,3,,0,0,1,0,0
"POINT (9.592897271000027 52.437770896000075)",Unfall 976 (2021) Kat:3, Licht: 2,976,3,6,3,09,02,1,,2,0,1,0,0
"POINT (9.730641596000055 52.468495558000029)",Unfall 977 (2021) Kat:3, Licht: 2,977,3,3,5,09,21,4,,2,0,1,0,0
"POINT (9.697339200000044 52.341699511000058)",Unfall 978 (2021) Kat:3, Licht: 0,978,3,2,5,08,07,3,,0,0,1,0,0
"POINT (9.835192237000058 52.289171440000075)",Unfall 979 (2021) Kat:3, Licht: 0,979,3,6,0,07,12,2,,0,0,1,0,0
"POINT (9.697589667000045 52.375288196000042)",Unfall 980 (2021) Kat:3, Licht: 0,980,3,7,3,06,12,1,,0,1,0,0,0
"POINT (9.814061915000025 52.383526678000067)",Unfall 981 (2021) Kat:3, Licht: 0,981,3,5,1,09,10,5,,0,0,1,0,1
"POINT (9.427678726000067 52.428646531000027)",Unfall 982 (2021) Kat:3, Licht: 0,982,3,6,2,07,14,7,,0,0,1,0,0
"POINT (9.831979380000064 52.385992450000060)",Unfall 983 (2021) Kat:3, Licht: 0,983,3,3,5,07,16,4,,0,0,1,0,1
"POINT (9.756137457000023 52.238914628000032)",Unfall 984 (2021) Kat:3, Licht: 2,984,3,7,8,08,23,2,,2,0,1,0,0
"POINT (9.605061059000036 52.333374390000074)",Unfall 985 (2021) Kat:2, Licht: 0,985,2,2,5,06,19,6,,0,0,1,0,1
"POINT (9.454819180000072 52.505001419000052)",Unfall 986 (2021) Kat:3, Licht: 0,986,3,7,0,06,18,2,,0,1,0,0,0
"POINT (9.774937954000052 52.371275923000042)",Unfall 987 (2021) Kat:3, Licht: 0,987,3,6,3,08,08,4,,0,0,1,0,0
"POINT (9.863314293000030 52.489283140000055)",Unfall 988 (2021) Kat:3, Licht: 0,988,3,2,5,07,11,2,,0,1,1,0,0
"POINT (9.618328325000050 52.535956342000077)",Unfall 989 (2021) Kat:3, Licht: 0,989,3,6,2,07,12,6,,0,0,1,0,0
"POINT (9.601407471000073 52.216862772000070)",Unfall 990 (2021) Kat:3, Licht: 2,990,3,1,9,08,22,1,,2,0,1,0,0
"POINT (9.759374306000041 52.522098490000076)",Unfall 991 (2021) Kat:3, Licht: 0,991,3,7,0,07,11,4,,0,1,0,0,0
"POINT (9.792286464000028 52.393940933000067)",Unfall 992 (2021) Kat:3, Licht: 0,992,3,6,8,08,17,1,,0,0,1,0,0
"POINT (9.743069055000035 52.368278673000077)",Unfall 993 (2021) Kat:3, Licht: 0,993,3,3,5,09,09,3,,0,1,1,0,0
"POINT (9.856738370000073 52.356600205000063)",Unfall 994 (2021) Kat:2, Licht: 0,994,2,7,0,06,12,4,,0,0,1,0,0
"POINT (9.733999686000061 52.385562220000054)",Unfall 995 (2021) Kat:3, Licht: 0,995,3,6,3,06,17,2,,0,1,0,0,0
"POINT (9.623648407000076 52.425563023000052)",Unfall 996 (2021) Kat:3, Licht: 2,996,3,1,8,07,02,3,,2,0,1,0,0
"POINT (9.630781559000070 52.293416982000053)",Unfall 997 (2021) Kat:3, Licht: 0,997,3,3,5,09,08,4,,0,1,1,0,0
"POINT (9.763449172000037 52.343832843000030)",Unfall 998 (2021) Kat:3, Licht: 0,998,3,2,5,06,11,7,,0,1,1,0,0
"POINT (9.639444665000042 52.290984372000082)",Unfall 999 (2021) Kat:2, Licht: 1,999,2,3,5,06,20,2,,1,1,1,0,0
"POINT (9.914399708000076 52.354644222000047)",Unfall 1000 (2021) Kat:2, Licht: 0,1000,2,7,4,06,07,6,,0,0,1,0,0
"POINT (9.719187190000071 52.347978553000075)",Unfall 1001 (2021) Kat:3, Licht: 0,1001,3,6,2,08,15,5,,0,0,1,0,0
"POINT (9.729698580000047 52.384154168000066)",Unfall 1002 (2021) Kat:3, Licht: 0,1002,3,5,1,07,10,7,,0,0,1,0,0
"POINT (9.630809876000058 52.293460468000035)",Unfall 1003 (2021) Kat:3, Licht: 0,1003,3,3,5,07,15,6,,0,1,1,0,0
"POINT (9.778063380000049 52.371247407000055)",Unfall 1004 (2021) Kat:3, Licht: 0,1004,3,2,5,07,11,4,,0,0,1,0,0
"POINT (9.974022967000053 52.398856205000072)",Unfall 1005 (2021) Kat:3, Licht: 0,1005,3,5,1,08,12,6,,0,0,1,0,0
"POINT (9.600604965000059 52.409428750000075)",Unfall 1006 (2021) Kat:3, Licht: 0,1006,3,3,5,08,07,4,,0,0,1,0,0
"POINT (9.735920911000051 52.401197238000066)",Unfall 1007 (2021) Kat:2, Licht: 2,1007,2,7,0,07,22,6,,2,1,0,0,0
"POINT (9.750080829000069 52.369281613000055)",Unfall 1008 (2021) Kat:3, Licht: 0,1008,3,6,3,07,17,5,,0,0,1,0,0
"POINT (9.892643378000059 52.293705479000039)",Unfall 1009 (2021) Kat:3, Licht: 0,1009,3,7,8,08,06,4,,0,0,1,0,0
"POINT (9.732568779000076 52.423687047000044)",Unfall 1010 (2021) Kat:3, Licht: 0,1010,3,6,2,08,18,6,,0,0,1,0,0
"POINT (9.938825825000038 52.444417670000064)",Unfall 1011 (2021) Kat:3, Licht: 0,1011,3,3,5,06,12,6,,0,1,1,0,0
"POINT (9.593958102000045 52.395577133000074)",Unfall 1012 (2021) Kat:3, Licht: 0,1012,3,7,0,06,12,2,,0,0,0,0,0
"POINT (9.466018022000071 52.418063818000064)",Unfall 1013 (2021) Kat:3, Licht: 0,1013,3,7,0,08,19,3,,0,1,0,0,0
"POINT (9.700953570000024 52.371182174000069)",Unfall 1014 (2021) Kat:3, Licht: 0,1014,3,6,2,07,17,3,,0,0,1,0,0
"POINT (9.627260578000062 52.423265183000069)",Unfall 1015 (2021) Kat:3, Licht: 2,1015,3,6,2,09,20,1,,2,0,1,0,0
"POINT (9.761871903000042 52.586274528000047)",Unfall 1016 (2021) Kat:3, Licht: 0,1016,3,6,2,08,13,7,,0,0,1,0,0
"POINT (9.864773641000056 52.496557793000079)",Unfall 1017 (2021) Kat:3, Licht: 0,1017,3,7,0,08,13,7,,0,1,0,0,0
"POINT (9.793487911000057 52.556976915000064)",Unfall 1018 (2021) Kat:3, Licht: 0,1018,3,7,6,08,19,3,,0,1,0,1,0
"POINT (9.779375262000030 52.377197707000050)",Unfall 1019 (2021) Kat:3, Licht: 0,1019,3,1,3,09,09,6,,0,0,1,0,0
"POINT (9.750196982000034 52.339666295000029)",Unfall 1020 (2021) Kat:3, Licht: 0,1020,3,6,2,07,16,3,,0,0,1,0,0
"POINT (9.770450277000066 52.371016876000056)",Unfall 1021 (2021) Kat:3, Licht: 0,1021,3,2,4,07,07,2,,0,1,1,0,0
"POINT (9.896735801000034 52.493963051000037)",Unfall 1022 (2021) Kat:3, Licht: 0,1022,3,3,5,07,16,2,,0,1,1,0,0
"POINT (9.621877178000034 52.426498313000081)",Unfall 1023 (2021) Kat:3, Licht: 0,1023,3,2,2,08,14,7,,0,0,1,0,0
"POINT (9.410727372000053 52.335597384000039)",Unfall 1024 (2021) Kat:3, Licht: 0,1024,3,6,3,06,15,3,,0,0,1,0,0
"POINT (9.880872332000024 52.353226458000051)",Unfall 1025 (2021) Kat:3, Licht: 0,1025,3,2,3,07,07,4,,0,1,0,0,0
"POINT (9.967605097000046 52.471231167000042)",Unfall 1026 (2021) Kat:3, Licht: 0,1026,3,3,5,08,12,7,,0,0,1,0,1
"POINT (9.785095059000071 52.372384918000080)",Unfall 1027 (2021) Kat:3, Licht: 0,1027,3,7,2,06,13,6,,0,0,1,0,1
"POINT (10.102477493000038 52.478165905000026)",Unfall 1028 (2021) Kat:3, Licht: 0,1028,3,6,2,07,08,5,,0,0,1,0,0
"POINT (9.923942586000067 52.294602161000057)",Unfall 1029 (2021) Kat:2, Licht: 0,1029,2,1,9,08,19,4,,0,0,1,0,0
"POINT (9.671802170000035 52.244025796000074)",Unfall 1030 (2021) Kat:3, Licht: 0,1030,3,7,0,07,08,4,,0,0,0,0,1
"POINT (9.666290059000062 52.239424980000081)",Unfall 1031 (2021) Kat:3, Licht: 0,1031,3,7,0,08,16,1,,0,1,0,0,0
"POINT (9.755337702000077 52.370108166000080)",Unfall 1032 (2021) Kat:3, Licht: 0,1032,3,3,5,07,10,3,,0,1,1,0,0
"POINT (9.697407566000038 52.361616572000059)",Unfall 1033 (2021) Kat:3, Licht: 0,1033,3,7,0,09,11,5,,0,1,0,0,0
"POINT (9.846749986000077 52.430471217000047)",Unfall 1034 (2021) Kat:3, Licht: 0,1034,3,7,0,07,16,5,,0,1,0,0,0
"POINT (9.669195210000055 52.428149109000060)",Unfall 1035 (2021) Kat:2, Licht: 0,1035,2,7,2,07,17,6,,0,0,1,0,0
"POINT (9.733543718000021 52.419282080000073)",Unfall 1036 (2021) Kat:3, Licht: 0,1036,3,7,5,07,15,6,,0,1,0,0,0
"POINT (9.723898384000051 52.627586351000048)",Unfall 1037 (2021) Kat:3, Licht: 0,1037,3,6,3,07,17,5,,0,0,1,0,0
"POINT (9.781916810000041 52.454573591000042)",Unfall 1038 (2021) Kat:3, Licht: 0,1038,3,6,2,09,15,6,,0,0,1,0,0
"POINT (9.733425210000064 52.417457679000051)",Unfall 1039 (2021) Kat:2, Licht: 0,1039,2,3,0,07,11,3,,0,1,1,0,0
"POINT (9.710292818000028 52.379084786000078)",Unfall 1040 (2021) Kat:3, Licht: 0,1040,3,7,2,08,06,2,,0,0,1,0,0
"POINT (9.976160851000031 52.364679638000041)",Unfall 1041 (2021) Kat:2, Licht: 2,1041,2,7,0,07,00,5,,2,1,0,0,0
"POINT (9.798251096000058 52.412631561000069)",Unfall 1042 (2021) Kat:3, Licht: 0,1042,3,2,5,08,13,5,,0,1,1,0,0
"POINT (9.734346389000052 52.438469498000075)",Unfall 1043 (2021) Kat:3, Licht: 0,1043,3,2,4,07,14,4,,0,1,1,0,0
"POINT (9.988506116000053 52.374143676000074)",Unfall 1044 (2021) Kat:3, Licht: 0,1044,3,2,5,09,08,5,,0,1,0,0,0
"POINT (9.424351056000035 52.429427640000029)",Unfall 1045 (2021) Kat:3, Licht: 0,1045,3,2,5,09,14,7,,0,1,1,0,0
"POINT (9.456598717000077 52.493995406000067)",Unfall 1046 (2021) Kat:3, Licht: 0,1046,3,3,5,07,17,6,,0,1,1,0,0
"POINT (9.770355792000032 52.342883846000063)",Unfall 1047 (2021) Kat:3, Licht: 0,1047,3,6,2,06,15,2,,0,0,1,0,0
"POINT (9.864093710000077 52.333851740000057)",Unfall 1048 (2021) Kat:3, Licht: 1,1048,3,6,8,09,18,4,,1,0,1,0,0
"POINT (9.589415400000064 52.438761764000049)",Unfall 1049 (2021) Kat:3, Licht: 0,1049,3,3,5,06,05,2,,0,0,1,0,1
"POINT (9.799383269000032 52.218344609000042)",Unfall 1050 (2021) Kat:3, Licht: 0,1050,3,7,0,07,06,6,,0,1,0,0,0
"POINT (9.721849590000033 52.378444217000037)",Unfall 1051 (2021) Kat:3, Licht: 0,1051,3,3,5,06,14,4,,0,1,1,0,0
"POINT (9.612386677000075 52.392100859000038)",Unfall 1052 (2021) Kat:2, Licht: 0,1052,2,7,4,06,12,5,,0,0,1,0,0
"POINT (9.719029411000065 52.333379813000079)",Unfall 1053 (2021) Kat:3, Licht: 0,1053,3,6,3,08,10,3,,0,0,1,0,1
"POINT (9.853596758000037 52.560366989000045)",Unfall 1054 (2021) Kat:3, Licht: 0,1054,3,3,5,08,09,2,,0,0,1,0,0
"POINT (9.822199634000071 52.309149625000032)",Unfall 1055 (2021) Kat:3, Licht: 2,1055,3,7,0,07,21,6,,2,0,1,0,1
"POINT (9.762201975000039 52.370533080000030)",Unfall 1056 (2021) Kat:3, Licht: 0,1056,3,2,0,06,14,2,,0,1,1,0,0
"POINT (9.668118038000046 52.343764563000036)",Unfall 1057 (2021) Kat:3, Licht: 2,1057,3,3,5,09,05,1,,2,0,1,0,0
"POINT (9.661371718000055 52.386251481000045)",Unfall 1058 (2021) Kat:3, Licht: 2,1058,3,1,8,06,23,6,,2,0,1,0,0
"POINT (9.409108366000055 52.334099197000057)",Unfall 1059 (2021) Kat:3, Licht: 0,1059,3,6,2,08,16,4,,0,0,1,0,0
"POINT (9.463401112000042 52.340599549000046)",Unfall 1060 (2021) Kat:3, Licht: 0,1060,3,1,8,08,13,6,,0,0,1,0,0
"POINT (9.758392961000027 52.566660554000066)",Unfall 1061 (2021) Kat:3, Licht: 0,1061,3,3,5,07,18,6,,0,0,1,0,0
"POINT (9.637327960000050 52.416886099000067)",Unfall 1062 (2021) Kat:3, Licht: 2,1062,3,7,8,08,19,2,,2,0,1,0,0
"POINT (9.739302633000023 52.368200823000052)",Unfall 1063 (2021) Kat:3, Licht: 0,1063,3,2,5,08,09,4,,0,1,1,0,0
"POINT (9.646397909000029 52.400818463000064)",Unfall 1064 (2021) Kat:3, Licht: 0,1064,3,3,0,09,12,3,,0,1,1,0,0
"POINT (9.788170658000070 52.455040946000054)",Unfall 1065 (2021) Kat:3, Licht: 0,1065,3,3,5,06,11,4,,0,1,1,0,0
"POINT (9.487211020000075 52.467339957000036)",Unfall 1066 (2021) Kat:2, Licht: 0,1066,2,6,2,06,17,4,,0,0,1,0,0
"POINT (9.818810941000038 52.288828827000032)",Unfall 1067 (2021) Kat:3, Licht: 0,1067,3,3,5,08,15,6,,0,0,1,0,0
"POINT (9.663307692000046 52.315792025000064)",Unfall 1068 (2021) Kat:3, Licht: 0,1068,3,3,5,06,10,1,,0,0,1,0,0
"POINT (9.548666957000023 52.273384515000032)",Unfall 1069 (2021) Kat:3, Licht: 0,1069,3,7,2,07,16,4,,0,0,1,0,0
"POINT (9.925425761000042 52.394286333000082)",Unfall 1070 (2021) Kat:3, Licht: 0,1070,3,6,3,08,16,3,,0,0,1,0,0
"POINT (9.464969338000060 52.304324234000035)",Unfall 1071 (2021) Kat:3, Licht: 0,1071,3,7,1,06,17,6,,0,0,1,0,1
"POINT (9.743318935000048 52.368218868000042)",Unfall 1072 (2021) Kat:3, Licht: 0,1072,3,3,5,07,16,3,,0,0,1,0,0
"POINT (9.712942885000075 52.321575083000027)",Unfall 1073 (2021) Kat:3, Licht: 0,1073,3,7,8,08,12,5,,0,0,1,0,0
"POINT (9.697074841000074 52.375143340000079)",Unfall 1074 (2021) Kat:3, Licht: 0,1074,3,1,0,09,14,7,,0,0,0,0,1
"POINT (9.724098508000054 52.363763651000056)",Unfall 1075 (2021) Kat:3, Licht: 0,1075,3,3,5,06,13,5,,0,1,0,0,0
"POINT (9.725173752000046 52.380295424000053)",Unfall 1076 (2021) Kat:3, Licht: 2,1076,3,7,0,07,22,5,,2,1,0,0,0
"POINT (9.720412190000047 52.391496987000039)",Unfall 1077 (2021) Kat:3, Licht: 0,1077,3,1,0,08,18,5,,0,1,0,0,0
"POINT (9.470485729000075 52.358323657000028)",Unfall 1078 (2021) Kat:3, Licht: 2,1078,3,7,8,08,03,1,,2,0,1,0,0
"POINT (9.622349957000040 52.426212540000051)",Unfall 1079 (2021) Kat:3, Licht: 0,1079,3,3,5,06,18,1,,0,1,1,0,0
"POINT (10.130293420000044 52.370347748000029)",Unfall 1080 (2021) Kat:3, Licht: 0,1080,3,3,5,09,17,5,,0,1,0,0,0
"POINT (9.814569633000076 52.523840808000045)",Unfall 1081 (2021) Kat:3, Licht: 2,1081,3,7,2,07,03,7,,2,0,1,0,0
"POINT (9.866492103000041 52.308942155000068)",Unfall 1082 (2021) Kat:2, Licht: 0,1082,2,1,8,07,17,6,,0,0,0,0,1
"POINT (9.456887421000033 52.499757677000048)",Unfall 1083 (2021) Kat:3, Licht: 0,1083,3,3,0,07,16,1,,0,1,1,0,0
"POINT (9.735847219000050 52.399313009000082)",Unfall 1084 (2021) Kat:3, Licht: 0,1084,3,2,5,08,19,5,,0,0,1,0,0
"POINT (9.773894009000060 52.577510615000051)",Unfall 1085 (2021) Kat:3, Licht: 0,1085,3,6,2,08,12,6,,0,0,1,0,0
"POINT (9.796612394000022 52.395296043000030)",Unfall 1086 (2021) Kat:3, Licht: 2,1086,3,7,8,07,00,6,,2,0,1,0,0
"POINT (9.788274411000032 52.463669115000073)",Unfall 1087 (2021) Kat:3, Licht: 0,1087,3,1,0,06,12,1,,0,1,0,0,0
"POINT (9.685790217000033 52.535248286000069)",Unfall 1088 (2021) Kat:3, Licht: 0,1088,3,1,9,07,17,7,,0,0,0,0,1
"POINT (9.656929624000043 52.339680840000028)",Unfall 1089 (2021) Kat:2, Licht: 0,1089,2,7,0,06,08,4,,0,1,0,0,0
"POINT (9.998141365000038 52.388426938000066)",Unfall 1090 (2021) Kat:2, Licht: 0,1090,2,7,8,07,20,7,,0,0,1,0,0
"POINT (9.759560595000039 52.452936306000026)",Unfall 1091 (2021) Kat:3, Licht: 0,1091,3,6,2,08,13,6,,0,0,1,0,0
"POINT (9.732246189000023 52.383078429000079)",Unfall 1092 (2021) Kat:3, Licht: 0,1092,3,7,1,07,18,7,,0,0,1,0,0
"POINT (9.544873449000022 52.399092834000044)",Unfall 1093 (2021) Kat:2, Licht: 0,1093,2,7,9,07,20,1,,0,0,1,0,0
"POINT (9.470879412000045 52.301696250000077)",Unfall 1094 (2021) Kat:3, Licht: 0,1094,3,6,3,08,14,5,,0,1,0,0,0
"POINT (9.741714031000072 52.547241043000042)",Unfall 1095 (2021) Kat:3, Licht: 0,1095,3,2,4,09,13,4,,0,1,1,0,0
"POINT (9.717829960000074 52.395442424000066)",Unfall 1096 (2021) Kat:3, Licht: 0,1096,3,1,0,07,15,4,,0,1,0,0,0
"POINT (9.632536440000024 52.354372648000037)",Unfall 1097 (2021) Kat:3, Licht: 0,1097,3,1,9,07,20,5,,0,0,1,0,0
"POINT (9.481300322000038 52.419439963000059)",Unfall 1098 (2021) Kat:2, Licht: 2,1098,2,3,5,07,00,1,,2,0,1,0,0
"POINT (9.635610767000060 52.417778848000069)",Unfall 1099 (2021) Kat:3, Licht: 0,1099,3,6,2,08,16,4,,0,0,1,0,0
"POINT (9.738841696000065 52.368033158000060)",Unfall 1100 (2021) Kat:2, Licht: 2,1100,2,3,5,06,22,4,,2,1,1,0,0
"POINT (9.818741340000031 52.294869788000028)",Unfall 1101 (2021) Kat:3, Licht: 0,1101,3,2,4,09,10,4,,0,0,1,0,0
"POINT (9.860634836000031 52.494262949000074)",Unfall 1102 (2021) Kat:3, Licht: 0,1102,3,2,5,08,14,2,,0,1,1,0,0
"POINT (9.752509939000049 52.357525772000031)",Unfall 1103 (2021) Kat:3, Licht: 0,1103,3,6,2,07,09,6,,0,0,1,0,0
"POINT (9.814387079000028 52.383615522000071)",Unfall 1104 (2021) Kat:3, Licht: 0,1104,3,1,1,06,16,2,,0,1,1,0,0
"POINT (9.734972957000025 52.391919035000058)",Unfall 1105 (2021) Kat:3, Licht: 0,1105,3,6,2,09,16,1,,0,0,1,0,0
"POINT (9.436535494000054 52.315836302000037)",Unfall 1106 (2021) Kat:3, Licht: 0,1106,3,6,2,08,16,7,,0,0,1,0,0
"POINT (9.694013693000045 52.361178068000072)",Unfall 1107 (2021) Kat:3, Licht: 0,1107,3,2,5,07,10,2,,0,1,0,0,0
"POINT (9.448742544000027 52.416424977000077)",Unfall 1108 (2021) Kat:3, Licht: 0,1108,3,3,0,06,08,5,,0,1,0,0,0
"POINT (9.807966535000048 52.374375508000071)",Unfall 1109 (2021) Kat:3, Licht: 0,1109,3,6,2,08,17,5,,0,0,1,0,0
"POINT (9.899974738000026 52.392881303000081)",Unfall 1110 (2021) Kat:3, Licht: 0,1110,3,6,2,06,17,1,,0,0,1,0,0
"POINT (9.832765369000072 52.338425299000050)",Unfall 1111 (2021) Kat:3, Licht: 0,1111,3,1,0,09,18,4,,0,1,0,0,0
"POINT (9.585394370000074 52.435247463000053)",Unfall 1112 (2021) Kat:3, Licht: 0,1112,3,2,2,07,07,4,,0,0,1,0,0
"POINT (10.135263030000033 52.375945682000065)",Unfall 1113 (2021) Kat:3, Licht: 2,1113,3,7,9,07,03,5,,2,0,1,0,0
"POINT (9.715615503000038 52.397857389000080)",Unfall 1114 (2021) Kat:2, Licht: 0,1114,2,3,5,07,13,6,,0,0,1,0,0
"POINT (9.720709665000072 52.441043275000027)",Unfall 1115 (2021) Kat:3, Licht: 2,1115,3,6,3,07,22,6,,2,0,1,0,0
"POINT (10.021460300000058 52.455392796000069)",Unfall 1116 (2021) Kat:3, Licht: 0,1116,3,6,2,07,13,6,,0,0,1,0,0