WKT,Name,OBJECTID,UKATEGORIE,UTYP1,UART,UMONAT,USTUNDE,UWOCHENTAG,STRZUSTAND,ULICHTVERH,ISTRAD,ISTPKW,ISTFUSS,ISTKRAD
"POINT (9.492414412000073 52.279527738000070)",Unfall 1117 (2021) Kat:3, Licht: 0,1117,3,6,4,09,13,7,,0,0,1,0,1
"POINT (9.727411677000021 52.381259443000033)",Unfall 1118 (2021) Kat:3, Licht: 0,1118,3,3,5,08,14,3,,0,1,1,0,0
"POINT (9.733452265000039 52.384449932000052)",Unfall 1119 (2021) Kat:3, Licht: 0,1119,3,6,4,08,07,5,,0,0,0,0,0
"POINT (9.863467991000050 52.493793006000033)",Unfall 1120 (2021) Kat:3, Licht: 2,1120,3,3,5,09,22,6,,2,0,1,0,1
"POINT (9.731660962000035 52.369072071000062)",Unfall 1121 (2021) Kat:3, Licht: 0,1121,3,7,6,09,08,3,,0,1,0,1,0
"POINT (9.735905839000054 52.398775007000040)",Unfall 1122 (2021) Kat:2, Licht: 0,1122,2,7,6,09,18,6,,0,0,0,1,0
"POINT (9.427454324000053 52.428804349000075)",Unfall 1123 (2021) Kat:2, Licht: 0,1123,2,2,0,08,10,4,,0,1,0,0,0
"POINT (9.729354944000022 52.385410755000066)",Unfall 1124 (2021) Kat:3, Licht: 0,1124,3,1,0,08,16,7,,0,0,0,0,1
"POINT (9.929818699000066 52.393902479000076)",Unfall 1125 (2021) Kat:3, Licht: 0,1125,3,7,8,08,18,3,,0,0,1,0,0
"POINT (9.897182454000074 52.351699813000039)",Unfall 1126 (2021) Kat:3, Licht: 0,1126,3,1,8,07,16,4,,0,1,0,0,0
"POINT (9.774600114000066 52.371041537000053)",Unfall 1127 (2021) Kat:3, Licht: 0,1127,3,7,0,06,16,6,,0,1,0,0,0
"POINT (9.456597685000077 52.494083079000063)",Unfall 1128 (2021) Kat:3, Licht: 0,1128,3,3,5,07,12,2,,0,1,1,0,0
"POINT (9.783919213000047 52.372300537000058)",Unfall 1129 (2021) Kat:3, Licht: 0,1129,3,6,2,07,13,7,,0,0,1,0,0
"POINT (9.799409192000041 52.409545471000058)",Unfall 1130 (2021) Kat:3, Licht: 0,1130,3,3,5,09,08,3,,0,0,1,0,0
"POINT (10.011691891000055 52.463229374000036)",Unfall 1131 (2021) Kat:3, Licht: 2,1131,3,6,0,08,21,6,,2,1,0,0,0
"POINT (10.066584209000041 52.395022698000048)",Unfall 1132 (2021) Kat:3, Licht: 0,1132,3,7,0,09,18,5,,0,1,0,0,0
"POINT (9.582244721000052 52.389941984000075)",Unfall 1133 (2021) Kat:3, Licht: 0,1133,3,6,2,08,06,4,,0,0,1,0,0
"POINT (9.761258192000071 52.245652273000076)",Unfall 1134 (2021) Kat:3, Licht: 0,1134,3,7,4,08,07,2,,0,0,1,0,0
"POINT (9.398571042000071 52.594896849000065)",Unfall 1135 (2021) Kat:3, Licht: 0,1135,3,7,8,07,13,5,,0,1,0,0,0
"POINT (9.788199857000052 52.454759161000027)",Unfall 1136 (2021) Kat:3, Licht: 0,1136,3,3,5,08,06,2,,0,0,1,0,0
"POINT (9.689541531000032 52.442089955000029)",Unfall 1137 (2021) Kat:3, Licht: 0,1137,3,6,3,07,17,4,,0,0,1,0,0
"POINT (9.891580839000028 52.312846709000041)",Unfall 1138 (2021) Kat:2, Licht: 0,1138,2,3,5,09,07,4,,0,0,1,0,1
"POINT (9.959704639000051 52.317468611000038)",Unfall 1139 (2021) Kat:3, Licht: 0,1139,3,2,5,08,16,6,,0,1,1,0,0
"POINT (9.916988895000031 52.395372390000034)",Unfall 1140 (2021) Kat:3, Licht: 0,1140,3,7,3,07,14,4,,0,0,1,0,0
"POINT (9.468534775000023 52.504534261000060)",Unfall 1141 (2021) Kat:3, Licht: 0,1141,3,6,2,09,09,5,,0,0,1,0,0
"POINT (9.733909238000024 52.477843791000055)",Unfall 1142 (2021) Kat:3, Licht: 0,1142,3,6,2,07,20,7,,0,0,1,0,1
"POINT (9.692532866000022 52.170196921000070)",Unfall 1143 (2021) Kat:3, Licht: 2,1143,3,1,9,07,22,7,,2,0,1,0,0
"POINT (9.463098090000074 52.513215728000034)",Unfall 1144 (2021) Kat:3, Licht: 0,1144,3,6,2,08,14,6,,0,0,1,0,0
"POINT (9.869825485000035 52.442509840000071)",Unfall 1145 (2021) Kat:3, Licht: 0,1145,3,1,8,07,15,3,,0,0,0,0,0
"POINT (9.833510820000072 52.419328738000047)",Unfall 1146 (2021) Kat:3, Licht: 0,1146,3,6,2,07,16,7,,0,0,1,0,0
"POINT (9.775522873000057 52.329926286000045)",Unfall 1147 (2021) Kat:3, Licht: 0,1147,3,6,6,06,16,7,,0,1,0,1,0
"POINT (9.741944728000021 52.605666413000051)",Unfall 1148 (2021) Kat:3, Licht: 0,1148,3,6,2,09,11,6,,0,0,1,0,0
"POINT (9.732915844000047 52.423640277000061)",Unfall 1149 (2021) Kat:3, Licht: 0,1149,3,2,5,06,10,4,,0,1,1,0,0
"POINT (9.830362594000064 52.361072216000082)",Unfall 1150 (2021) Kat:3, Licht: 0,1150,3,5,1,06,17,3,,0,1,1,0,0
"POINT (9.783974282000031 52.359468839000044)",Unfall 1151 (2021) Kat:3, Licht: 0,1151,3,1,3,07,19,5,,0,0,1,0,0
"POINT (9.697808404000057 52.377081388000079)",Unfall 1152 (2021) Kat:3, Licht: 0,1152,3,6,2,07,16,2,,0,0,1,0,0
"POINT (9.872481502000028 52.310670160000029)",Unfall 1153 (2021) Kat:3, Licht: 0,1153,3,2,4,06,07,5,,0,0,1,0,0
"POINT (9.669428875000051 52.239098628000079)",Unfall 1154 (2021) Kat:3, Licht: 0,1154,3,7,8,07,07,6,,0,1,0,0,0
"POINT (9.360188674000028 52.533760430000029)",Unfall 1155 (2021) Kat:2, Licht: 0,1155,2,1,8,07,05,1,,0,0,1,0,0
"POINT (9.763997109000059 52.426933481000049)",Unfall 1156 (2021) Kat:3, Licht: 0,1156,3,6,2,07,07,4,,0,0,1,0,0
"POINT (9.734591560000069 52.391445070000032)",Unfall 1157 (2021) Kat:3, Licht: 0,1157,3,6,0,09,19,5,,0,1,0,1,0
"POINT (9.928313586000058 52.345127857000080)",Unfall 1158 (2021) Kat:3, Licht: 0,1158,3,6,2,07,12,2,,0,0,1,0,0
"POINT (10.003818325000054 52.386436299000081)",Unfall 1159 (2021) Kat:3, Licht: 2,1159,3,6,3,07,01,5,,2,0,0,0,0
"POINT (9.434350315000074 52.317802759000074)",Unfall 1160 (2021) Kat:3, Licht: 0,1160,3,6,4,07,12,6,,0,0,1,0,0
"POINT (9.926673249000032 52.320767519000071)",Unfall 1161 (2021) Kat:2, Licht: 0,1161,2,1,0,06,11,7,,0,0,0,0,1
"POINT (9.632865224000057 52.636054241000068)",Unfall 1162 (2021) Kat:3, Licht: 0,1162,3,1,9,09,18,3,,0,0,0,0,1
"POINT (9.757771258000048 52.370253507000029)",Unfall 1163 (2021) Kat:3, Licht: 1,1163,3,1,0,07,05,7,,1,1,0,0,0
"POINT (9.815410965000069 52.303439180000055)",Unfall 1164 (2021) Kat:3, Licht: 0,1164,3,6,2,06,16,4,,0,0,1,0,0
"POINT (9.785872089000065 52.565508403000081)",Unfall 1165 (2021) Kat:3, Licht: 0,1165,3,6,2,06,13,2,,0,0,1,0,0
"POINT (9.802882719000024 52.340046641000072)",Unfall 1166 (2021) Kat:3, Licht: 0,1166,3,6,3,08,20,6,,0,0,1,0,0
"POINT (9.463022803000058 52.341401478000080)",Unfall 1167 (2021) Kat:3, Licht: 0,1167,3,1,8,08,15,1,,0,0,0,0,1
"POINT (10.123922913000058 52.372575924000046)",Unfall 1168 (2021) Kat:3, Licht: 0,1168,3,4,6,06,13,4,,0,0,1,1,0
"POINT (9.731611653000073 52.429335471000059)",Unfall 1169 (2021) Kat:3, Licht: 2,1169,3,1,9,08,03,1,,2,0,1,0,0
"POINT (10.121232661000022 52.368420080000078)",Unfall 1170 (2021) Kat:3, Licht: 0,1170,3,6,2,08,12,7,,0,0,1,0,0
"POINT (9.433303286000069 52.359390703000031)",Unfall 1171 (2021) Kat:3, Licht: 0,1171,3,7,7,06,12,5,,0,0,1,0,0
"POINT (9.576293208000038 52.432018141000071)",Unfall 1172 (2021) Kat:3, Licht: 0,1172,3,3,5,07,12,3,,0,0,1,0,0
"POINT (9.750212034000072 52.369291059000034)",Unfall 1173 (2021) Kat:3, Licht: 0,1173,3,6,2,07,17,7,,0,0,1,0,0
"POINT (9.885494861000041 52.360093402000075)",Unfall 1174 (2021) Kat:3, Licht: 1,1174,3,1,9,06,19,4,,1,0,1,0,0
"POINT (9.439350135000041 52.364318245000050)",Unfall 1175 (2021) Kat:3, Licht: 2,1175,3,6,2,06,03,6,,2,0,1,0,0
"POINT (9.646352230000048 52.399868592000075)",Unfall 1176 (2021) Kat:3, Licht: 1,1176,3,7,0,07,03,1,,1,1,0,0,0
"POINT (9.774600114000066 52.371041537000053)",Unfall 1177 (2021) Kat:3, Licht: 0,1177,3,6,2,06,14,4,,0,0,1,0,0
"POINT (10.071668821000060 52.367888906000076)",Unfall 1178 (2021) Kat:3, Licht: 2,1178,3,7,2,08,02,7,,2,0,1,0,0
"POINT (9.472036352000032 52.501933573000031)",Unfall 1179 (2021) Kat:2, Licht: 0,1179,2,3,5,07,16,2,,0,0,1,0,1
"POINT (9.696385850000070 52.379804833000037)",Unfall 1180 (2021) Kat:3, Licht: 0,1180,3,2,5,06,18,7,,0,0,1,0,0
"POINT (9.776970539000047 52.328324214000077)",Unfall 1181 (2021) Kat:3, Licht: 0,1181,3,7,0,07,20,4,,0,1,0,0,0
"POINT (9.675396292000073 52.377400429000033)",Unfall 1182 (2021) Kat:3, Licht: 0,1182,3,3,5,08,15,2,,0,0,1,0,0
"POINT (9.720782045000021 52.458596481000029)",Unfall 1183 (2021) Kat:3, Licht: 0,1183,3,6,4,07,18,3,,0,1,0,0,0
"POINT (9.733546231000048 52.384375135000028)",Unfall 1184 (2021) Kat:3, Licht: 0,1184,3,6,4,09,16,5,,0,1,0,0,0
"POINT (9.467309218000025 52.422809868000058)",Unfall 1185 (2021) Kat:3, Licht: 0,1185,3,3,5,08,10,2,,0,0,1,0,0
"POINT (9.976982300000032 52.457997519000060)",Unfall 1186 (2021) Kat:3, Licht: 0,1186,3,1,8,08,19,3,,0,0,1,0,0
"POINT (9.786017489000074 52.347071546000052)",Unfall 1187 (2021) Kat:3, Licht: 0,1187,3,6,2,08,15,2,,0,0,1,0,0
"POINT (9.644086551000044 52.336688349000042)",Unfall 1188 (2021) Kat:2, Licht: 0,1188,2,7,1,07,14,6,,0,0,1,0,1
"POINT (9.842273136000074 52.388075637000043)",Unfall 1189 (2021) Kat:3, Licht: 0,1189,3,3,5,07,17,4,,0,0,1,0,0
"POINT (9.745756990000075 52.209376134000081)",Unfall 1190 (2021) Kat:3, Licht: 0,1190,3,2,4,08,15,7,,0,0,1,0,0
"POINT (9.920567761000029 52.351594914000032)",Unfall 1191 (2021) Kat:2, Licht: 0,1191,2,6,2,08,15,6,,0,0,1,0,0
"POINT (9.799277731000075 52.410072533000061)",Unfall 1192 (2021) Kat:3, Licht: 2,1192,3,3,5,09,20,2,,2,0,1,0,1
"POINT (10.022717894000039 52.456069952000064)",Unfall 1193 (2021) Kat:2, Licht: 1,1193,2,3,5,09,06,6,,1,0,1,0,0
"POINT (9.859958604000042 52.490187161000051)",Unfall 1194 (2021) Kat:3, Licht: 0,1194,3,3,5,09,08,3,,0,1,1,0,0
"POINT (10.108330358000046 52.363885933000063)",Unfall 1195 (2021) Kat:3, Licht: 0,1195,3,6,2,06,13,4,,0,0,1,0,0
"POINT (9.428481243000022 52.564388913000073)",Unfall 1196 (2021) Kat:3, Licht: 0,1196,3,6,2,09,11,4,,0,0,1,0,0
"POINT (9.966903449000029 52.373405336000076)",Unfall 1197 (2021) Kat:3, Licht: 0,1197,3,1,1,07,08,4,,0,0,1,0,0
"POINT (9.733940148000045 52.368897815000082)",Unfall 1198 (2021) Kat:2, Licht: 0,1198,2,2,5,08,11,5,,0,1,0,0,0
"POINT (9.609399923000069 52.432072811000069)",Unfall 1199 (2021) Kat:3, Licht: 0,1199,3,6,3,08,15,2,,0,0,1,0,0
"POINT (9.744700682000030 52.454277962000049)",Unfall 1200 (2021) Kat:2, Licht: 2,1200,2,1,8,07,21,3,,2,0,1,0,0
"POINT (9.836177816000031 52.489943394000079)",Unfall 1201 (2021) Kat:3, Licht: 0,1201,3,2,4,09,16,5,,0,0,1,0,1
"POINT (9.774429132000023 52.371030747000077)",Unfall 1202 (2021) Kat:3, Licht: 0,1202,3,2,2,07,08,4,,0,0,1,0,0
"POINT (9.792875779000042 52.555148740000050)",Unfall 1203 (2021) Kat:3, Licht: 0,1203,3,6,2,08,10,1,,0,0,1,0,0
"POINT (9.463217330000020 52.400368282000045)",Unfall 1204 (2021) Kat:3, Licht: 0,1204,3,6,2,08,16,7,,0,0,1,0,1
"POINT (9.945842428000049 52.294969528000081)",Unfall 1205 (2021) Kat:3, Licht: 0,1205,3,3,5,07,14,3,,0,0,1,0,0
"POINT (9.829895210000075 52.399672972000076)",Unfall 1206 (2021) Kat:3, Licht: 0,1206,3,4,6,07,12,5,,0,0,1,1,0
"POINT (9.386887433000027 52.457410694000032)",Unfall 1207 (2021) Kat:2, Licht: 0,1207,2,2,5,06,18,3,,0,0,1,0,1
"POINT (9.826126147000025 52.425085298000056)",Unfall 1208 (2021) Kat:2, Licht: 2,1208,2,7,9,08,03,7,,2,0,1,0,0
"POINT (9.754612460000033 52.330939333000060)",Unfall 1209 (2021) Kat:2, Licht: 2,1209,2,6,3,08,23,5,,2,1,0,0,0
"POINT (9.718606685000054 52.428544432000081)",Unfall 1210 (2021) Kat:3, Licht: 0,1210,3,6,2,08,15,6,,0,0,1,0,0
"POINT (9.710842242000069 52.366444753000053)",Unfall 1211 (2021) Kat:3, Licht: 0,1211,3,2,3,08,14,7,,0,0,1,0,1
"POINT (9.850890506000042 52.491261102000067)",Unfall 1212 (2021) Kat:3, Licht: 0,1212,3,3,5,07,17,3,,0,1,1,0,0
"POINT (9.790289806000033 52.559439186000077)",Unfall 1213 (2021) Kat:3, Licht: 2,1213,3,6,2,09,20,1,,2,0,1,0,0
"POINT (9.640766957000039 52.414027785000030)",Unfall 1214 (2021) Kat:3, Licht: 0,1214,3,3,5,09,17,4,,0,1,1,0,0
"POINT (9.735682790000055 52.400700634000032)",Unfall 1215 (2021) Kat:3, Licht: 0,1215,3,1,0,08,16,6,,0,0,0,0,1
"POINT (10.208913983000059 52.479977462000079)",Unfall 1216 (2021) Kat:2, Licht: 0,1216,2,2,5,06,15,6,,0,0,0,0,1
"POINT (9.739203939000049 52.368206366000038)",Unfall 1217 (2021) Kat:3, Licht: 0,1217,3,2,3,07,17,3,,0,1,1,0,0
"POINT (9.463450424000030 52.430093132000081)",Unfall 1218 (2021) Kat:3, Licht: 0,1218,3,3,5,07,08,7,,0,0,1,0,1
"POINT (9.609207397000034 52.405899087000080)",Unfall 1219 (2021) Kat:3, Licht: 0,1219,3,3,5,06,16,5,,0,1,0,0,0
"POINT (9.700991542000054 52.371150108000052)",Unfall 1220 (2021) Kat:3, Licht: 0,1220,3,6,2,07,13,5,,0,0,1,0,0
"POINT (9.646236789000056 52.402120746000037)",Unfall 1221 (2021) Kat:3, Licht: 0,1221,3,7,8,06,16,3,,0,1,0,0,0
"POINT (9.991791621000061 52.414118528000074)",Unfall 1222 (2021) Kat:3, Licht: 2,1222,3,1,0,08,22,2,,2,0,0,0,0
"POINT (10.024225652000041 52.432971311000074)",Unfall 1223 (2021) Kat:3, Licht: 0,1223,3,3,5,06,17,3,,0,0,1,0,0
"POINT (9.491581018000034 52.416078254000070)",Unfall 1224 (2021) Kat:3, Licht: 0,1224,3,6,2,09,18,5,,0,0,1,0,0
"POINT (9.614750610000044 52.392286530000035)",Unfall 1225 (2021) Kat:3, Licht: 0,1225,3,3,5,06,19,3,,0,0,1,0,0
"POINT (9.720521622000035 52.632166425000037)",Unfall 1226 (2021) Kat:3, Licht: 0,1226,3,6,2,07,11,5,,0,0,1,0,0
"POINT (10.082536807000054 52.487298074000080)",Unfall 1227 (2021) Kat:3, Licht: 0,1227,3,3,5,07,12,6,,0,1,1,0,0
"POINT (9.669743286000028 52.174467804000074)",Unfall 1228 (2021) Kat:3, Licht: 0,1228,3,3,5,08,13,4,,0,0,1,0,0
"POINT (9.702389357000072 52.414690713000027)",Unfall 1229 (2021) Kat:3, Licht: 1,1229,3,2,5,08,05,3,,1,1,1,0,0
"POINT (9.831984901000055 52.300086344000078)",Unfall 1230 (2021) Kat:3, Licht: 0,1230,3,1,9,06,14,4,,0,0,0,0,1
"POINT (9.811220095000067 52.279495450000070)",Unfall 1231 (2021) Kat:2, Licht: 0,1231,2,1,9,07,18,2,,0,0,0,0,1
"POINT (9.727224807000027 52.439051854000070)",Unfall 1232 (2021) Kat:3, Licht: 0,1232,3,2,5,07,11,5,,0,1,1,0,0
"POINT (9.902301364000039 52.493480709000039)",Unfall 1233 (2021) Kat:3, Licht: 0,1233,3,1,0,08,13,1,,0,1,0,0,0
"POINT (9.622239789000048 52.426279132000047)",Unfall 1234 (2021) Kat:3, Licht: 0,1234,3,6,2,07,17,3,,0,0,1,0,0
"POINT (9.611657692000051 52.436438620000047)",Unfall 1235 (2021) Kat:3, Licht: 0,1235,3,3,5,07,08,3,,0,1,1,0,0
"POINT (9.663966769000069 52.316298161000077)",Unfall 1236 (2021) Kat:3, Licht: 0,1236,3,6,2,06,12,3,,0,0,1,0,0
"POINT (9.457260571000063 52.504535603000079)",Unfall 1237 (2021) Kat:3, Licht: 0,1237,3,3,5,09,07,4,,0,1,0,0,0
"POINT (9.685031946000038 52.374554421000028)",Unfall 1238 (2021) Kat:3, Licht: 0,1238,3,2,5,07,17,6,,0,1,1,0,0
"POINT (9.813043415000038 52.400596336000035)",Unfall 1239 (2021) Kat:3, Licht: 0,1239,3,6,2,07,08,5,,0,0,1,0,0
"POINT (9.826212583000029 52.502672241000027)",Unfall 1240 (2021) Kat:3, Licht: 0,1240,3,6,2,06,14,5,,0,0,1,0,0
"POINT (9.461076206000030 52.402867727000057)",Unfall 1241 (2021) Kat:3, Licht: 2,1241,3,3,5,08,21,1,,2,0,1,0,0
"POINT (9.858028701000023 52.570183524000072)",Unfall 1242 (2021) Kat:3, Licht: 0,1242,3,2,2,08,15,7,,0,0,1,0,1
"POINT (9.750080829000069 52.369281613000055)",Unfall 1243 (2021) Kat:3, Licht: 0,1243,3,6,2,07,08,5,,0,0,1,0,0
"POINT (10.013057547000074 52.446187501000054)",Unfall 1244 (2021) Kat:3, Licht: 1,1244,3,1,7,08,05,6,,1,0,1,1,0
"POINT (9.805692598000064 52.371419858000081)",Unfall 1245 (2021) Kat:2, Licht: 0,1245,2,7,0,09,15,3,,0,0,0,0,0
"POINT (9.551124477000030 52.362701542000082)",Unfall 1246 (2021) Kat:3, Licht: 0,1246,3,2,2,09,10,6,,0,0,1,0,0
"POINT (9.634601758000031 52.331265520000045)",Unfall 1247 (2021) Kat:3, Licht: 0,1247,3,6,2,07,14,7,,0,0,1,0,0
"POINT (9.516978310000070 52.173697281000045)",Unfall 1248 (2021) Kat:3, Licht: 0,1248,3,3,5,07,07,3,,0,0,1,0,0
"POINT (9.636710228000027 52.192588247000060)",Unfall 1249 (2021) Kat:2, Licht: 0,1249,2,2,2,09,17,1,,0,1,0,0,1
"POINT (9.716881566000040 52.436450981000064)",Unfall 1250 (2021) Kat:1, Licht: 0,1250,1,3,5,08,18,2,,0,0,0,0,0
"POINT (9.387603014000035 52.539126103000058)",Unfall 1251 (2021) Kat:3, Licht: 0,1251,3,6,3,07,13,2,,0,0,1,0,0
"POINT (9.616461361000063 52.256405476000054)",Unfall 1252 (2021) Kat:3, Licht: 0,1252,3,3,5,06,11,2,,0,0,1,0,0
"POINT (9.760423351000043 52.259553605000065)",Unfall 1253 (2021) Kat:3, Licht: 0,1253,3,2,2,06,13,4,,0,0,1,0,0
"POINT (9.646312544000068 52.401562526000077)",Unfall 1254 (2021) Kat:3, Licht: 2,1254,3,7,0,09,21,4,,2,1,0,1,0
"POINT (9.787382130000026 52.563812563000056)",Unfall 1255 (2021) Kat:2, Licht: 0,1255,2,6,2,07,19,4,,0,0,1,0,0
"POINT (9.492458105000026 52.279611743000032)",Unfall 1256 (2021) Kat:3, Licht: 0,1256,3,1,9,07,15,5,,0,0,0,0,1
"POINT (9.522384403000046 52.272116408000045)",Unfall 1257 (2021) Kat:2, Licht: 0,1257,2,4,6,06,13,3,,0,0,1,1,0
"POINT (9.726366238000026 52.380826722000052)",Unfall 1258 (2021) Kat:3, Licht: 0,1258,3,4,0,06,08,6,,0,0,1,1,0
"POINT (9.613586002000034 52.290432087000056)",Unfall 1259 (2021) Kat:2, Licht: 0,1259,2,1,8,08,13,5,,0,1,0,0,0
"POINT (9.697160467000060 52.341737368000054)",Unfall 1260 (2021) Kat:3, Licht: 2,1260,3,3,5,08,22,5,,2,0,1,0,0
"POINT (9.798125875000039 52.412869371000056)",Unfall 1261 (2021) Kat:2, Licht: 0,1261,2,4,6,06,20,5,,0,0,1,1,0
"POINT (9.853695310000035 52.559016985000028)",Unfall 1262 (2021) Kat:2, Licht: 0,1262,2,3,5,07,14,5,,0,0,1,0,0
"POINT (9.861100304000047 52.357745867000062)",Unfall 1263 (2021) Kat:3, Licht: 0,1263,3,6,2,07,08,6,,0,0,1,0,0
"POINT (9.745759483000029 52.209360237000055)",Unfall 1264 (2021) Kat:3, Licht: 0,1264,3,2,4,07,17,6,,0,0,1,0,0
"POINT (9.690626987000030 52.376962790000050)",Unfall 1265 (2021) Kat:3, Licht: 0,1265,3,2,5,09,12,4,,0,0,1,0,0
"POINT (9.486161286000026 52.305137774000059)",Unfall 1266 (2021) Kat:2, Licht: 2,1266,2,2,3,08,21,6,,2,1,1,0,0
"POINT (9.722418262000076 52.378509477000080)",Unfall 1267 (2021) Kat:3, Licht: 0,1267,3,2,5,08,18,4,,0,1,1,0,0
"POINT (9.846628366000061 52.430683670000064)",Unfall 1268 (2021) Kat:3, Licht: 0,1268,3,6,4,07,13,7,,0,1,0,0,0
"POINT (9.761394327000062 52.346424443000046)",Unfall 1269 (2021) Kat:3, Licht: 0,1269,3,2,5,08,07,2,,0,1,1,0,0
"POINT (9.718084188000034 52.378407091000042)",Unfall 1270 (2021) Kat:2, Licht: 0,1270,2,6,2,08,09,4,,0,0,1,0,1
"POINT (9.762072657000033 52.345625773000052)",Unfall 1271 (2021) Kat:3, Licht: 0,1271,3,6,6,06,20,7,,0,0,1,1,0
"POINT (9.717861870000036 52.395354051000027)",Unfall 1272 (2021) Kat:3, Licht: 0,1272,3,1,0,06,11,2,,0,1,0,0,0
"POINT (9.734050437000064 52.415446375000045)",Unfall 1273 (2021) Kat:3, Licht: 0,1273,3,3,5,08,17,2,,0,1,1,0,0
"POINT (9.847420235000072 52.360120393000045)",Unfall 1274 (2021) Kat:3, Licht: 0,1274,3,2,5,06,12,1,,0,0,1,0,0
"POINT (9.827268833000062 52.339976246000049)",Unfall 1275 (2021) Kat:3, Licht: 0,1275,3,3,5,07,17,5,,0,0,1,0,0
"POINT (9.489830357000073 52.291093687000057)",Unfall 1276 (2021) Kat:3, Licht: 0,1276,3,7,0,08,10,7,,0,1,0,0,0
"POINT (9.589586899000039 52.439205285000071)",Unfall 1277 (2021) Kat:2, Licht: 0,1277,2,1,9,07,12,5,,0,0,0,0,1
"POINT (9.655902092000076 52.406380739000042)",Unfall 1278 (2021) Kat:3, Licht: 0,1278,3,6,2,06,13,7,,0,0,1,0,0
"POINT (9.836938442000076 52.277144535000048)",Unfall 1279 (2021) Kat:2, Licht: 0,1279,2,1,0,06,05,3,,0,1,0,0,0
"POINT (9.761704529000042 52.586394744000074)",Unfall 1280 (2021) Kat:3, Licht: 0,1280,3,6,2,08,12,6,,0,0,1,0,0
"POINT (9.762818979000031 52.344438585000034)",Unfall 1281 (2021) Kat:3, Licht: 0,1281,3,3,5,07,17,4,,0,1,1,0,0
"POINT (9.782590650000031 52.361628188000054)",Unfall 1282 (2021) Kat:3, Licht: 0,1282,3,1,9,07,12,5,,0,0,1,0,0
"POINT (9.739017825000076 52.337588091000043)",Unfall 1283 (2021) Kat:3, Licht: 0,1283,3,6,2,06,07,3,,0,0,1,0,1
"POINT (9.440123358000051 52.504497354000080)",Unfall 1284 (2021) Kat:3, Licht: 0,1284,3,3,5,07,09,2,,0,1,1,0,0
"POINT (9.847949798000059 52.410883125000055)",Unfall 1285 (2021) Kat:2, Licht: 1,1285,2,1,9,09,19,7,,1,0,0,0,1
"POINT (9.647970040000075 52.426946441000041)",Unfall 1286 (2021) Kat:3, Licht: 0,1286,3,2,5,08,10,3,,0,1,1,0,0
"POINT (9.756378776000076 52.452708615000063)",Unfall 1287 (2021) Kat:3, Licht: 0,1287,3,4,6,09,19,5,,0,0,1,1,0
"POINT (9.665197424000041 52.384341516000063)",Unfall 1288 (2021) Kat:3, Licht: 0,1288,3,6,2,09,16,2,,0,0,1,0,1
"POINT (9.957850364000024 52.318396609000047)",Unfall 1289 (2021) Kat:2, Licht: 0,1289,2,7,8,07,16,5,,0,1,0,0,0
"POINT (9.487034156000050 52.555890375000047)",Unfall 1290 (2021) Kat:3, Licht: 0,1290,3,7,9,08,13,3,,0,1,0,0,0
"POINT (9.756517511000027 52.254458865000061)",Unfall 1291 (2021) Kat:3, Licht: 0,1291,3,6,2,07,07,6,,0,0,1,0,0
"POINT (9.480551488000060 52.503420363000032)",Unfall 1292 (2021) Kat:3, Licht: 0,1292,3,7,0,08,17,4,,0,1,0,0,0
"POINT (9.650505697000028 52.392749148000064)",Unfall 1293 (2021) Kat:3, Licht: 0,1293,3,6,2,09,08,5,,0,0,1,0,0
"POINT (9.855332320000059 52.389758227000073)",Unfall 1294 (2021) Kat:3, Licht: 0,1294,3,2,2,07,14,2,,0,0,1,0,1
"POINT (9.578862568000034 52.210950092000076)",Unfall 1295 (2021) Kat:3, Licht: 0,1295,3,6,2,09,15,2,,0,0,1,0,0
"POINT (9.417455469000060 52.429143717000045)",Unfall 1296 (2021) Kat:2, Licht: 0,1296,2,2,5,09,17,6,,0,1,1,0,0
"POINT (9.629396652000025 52.483363986000029)",Unfall 1297 (2021) Kat:3, Licht: 0,1297,3,1,0,06,17,4,,0,0,0,0,1
"POINT (9.863845030000050 52.337794488000043)",Unfall 1298 (2021) Kat:3, Licht: 0,1298,3,7,0,06,15,6,,0,0,1,0,0