WKT,Name,OBJECTID,UKATEGORIE,UTYP1,UART,UMONAT,USTUNDE,UWOCHENTAG,STRZUSTAND,ULICHTVERH,ISTRAD,ISTPKW,ISTFUSS,ISTKRAD
"POINT (9.561711415000048 52.595632145000081)",Unfall 1482 (2021) Kat:3, Licht: 2,1482,3,1,0,09,21,3,,2,0,1,0,0
"POINT (9.727112912000052 52.563007708000043)",Unfall 1483 (2021) Kat:3, Licht: 0,1483,3,3,5,10,12,2,,0,0,1,0,0
"POINT (9.764233468000043 52.343021906000047)",Unfall 1484 (2021) Kat:3, Licht: 0,1484,3,6,2,09,17,5,,0,1,1,0,0
"POINT (9.923363591000054 52.350184370000079)",Unfall 1485 (2021) Kat:3, Licht: 0,1485,3,6,2,10,16,3,,0,0,1,0,0
"POINT (9.608767543000056 52.443811722000078)",Unfall 1486 (2021) Kat:3, Licht: 0,1486,3,2,2,10,14,2,,0,0,1,0,1
"POINT (9.718240818000027 52.306551444000036)",Unfall 1487 (2021) Kat:3, Licht: 0,1487,3,6,2,09,06,4,,0,0,1,0,0
"POINT (10.031716150000022 52.452883828000040)",Unfall 1488 (2021) Kat:3, Licht: 0,1488,3,6,2,10,15,4,,0,0,1,0,0
"POINT (9.729799217000050 52.318768865000038)",Unfall 1489 (2021) Kat:3, Licht: 0,1489,3,2,3,09,12,5,,0,0,1,0,1
"POINT (10.045942674000059 52.416785540000035)",Unfall 1490 (2021) Kat:2, Licht: 0,1490,2,7,8,09,17,4,,0,0,1,0,0
"POINT (9.754471116000047 52.340458307000063)",Unfall 1491 (2021) Kat:3, Licht: 1,1491,3,6,2,10,06,2,,1,0,1,0,0
"POINT (9.745756692000043 52.209378033000064)",Unfall 1492 (2021) Kat:3, Licht: 0,1492,3,2,4,09,09,2,,0,0,1,0,0
"POINT (9.768358031000048 52.338300253000057)",Unfall 1493 (2021) Kat:3, Licht: 0,1493,3,7,0,10,16,2,,0,1,0,0,0
"POINT (9.456597982000062 52.494065102000036)",Unfall 1494 (2021) Kat:3, Licht: 0,1494,3,3,0,09,11,2,,0,1,1,0,0
"POINT (9.734415854000076 52.412497993000045)",Unfall 1495 (2021) Kat:3, Licht: 0,1495,3,6,2,09,17,3,,0,0,1,0,0
"POINT (9.716765857000041 52.421898291000048)",Unfall 1496 (2021) Kat:3, Licht: 0,1496,3,7,0,10,07,4,,0,1,0,0,0
"POINT (9.839981357000056 52.422841738000045)",Unfall 1497 (2021) Kat:3, Licht: 0,1497,3,6,2,10,10,3,,0,0,1,0,0
"POINT (9.845695677000037 52.390086303000032)",Unfall 1498 (2021) Kat:3, Licht: 0,1498,3,7,0,09,08,4,,0,1,0,0,0
"POINT (9.468963542000040 52.504512301000034)",Unfall 1499 (2021) Kat:2, Licht: 0,1499,2,3,5,09,16,6,,0,1,1,0,0
"POINT (9.911429609000038 52.275622608000049)",Unfall 1500 (2021) Kat:3, Licht: 0,1500,3,6,2,10,15,2,,0,0,1,0,0
"POINT (9.827111136000042 52.343667102000040)",Unfall 1501 (2021) Kat:3, Licht: 2,1501,3,3,5,09,21,2,,2,0,1,0,0
"POINT (9.509968430000072 52.367583239000055)",Unfall 1502 (2021) Kat:3, Licht: 0,1502,3,5,1,09,13,1,,0,1,0,0,0
"POINT (9.959103165000045 52.390319861000080)",Unfall 1503 (2021) Kat:3, Licht: 2,1503,3,6,3,10,19,6,,2,0,1,0,0
"POINT (9.283338185000048 52.488264007000055)",Unfall 1504 (2021) Kat:3, Licht: 2,1504,3,7,0,10,20,6,,2,1,0,0,0
"POINT (9.611256317000027 52.392048793000072)",Unfall 1505 (2021) Kat:3, Licht: 0,1505,3,3,5,10,10,4,,0,1,1,0,0
"POINT (9.912375624000049 52.358177357000045)",Unfall 1506 (2021) Kat:3, Licht: 0,1506,3,6,4,09,09,5,,0,0,1,0,0
"POINT (9.449110041000040 52.522656400000074)",Unfall 1507 (2021) Kat:3, Licht: 0,1507,3,2,2,10,12,6,,0,0,1,0,0
"POINT (9.552670632000059 52.440780830000051)",Unfall 1508 (2021) Kat:3, Licht: 0,1508,3,3,5,10,13,3,,0,0,1,0,0
"POINT (9.822621030000050 52.409041885000079)",Unfall 1509 (2021) Kat:3, Licht: 2,1509,3,1,8,10,00,5,,2,0,0,0,1
"POINT (9.634308546000057 52.418804119000072)",Unfall 1510 (2021) Kat:3, Licht: 0,1510,3,6,2,09,16,4,,0,0,1,0,0
"POINT (9.763544698000032 52.343740063000041)",Unfall 1511 (2021) Kat:3, Licht: 0,1511,3,7,0,10,08,3,,0,1,0,0,0
"POINT (9.474301251000043 52.389245118000076)",Unfall 1512 (2021) Kat:3, Licht: 0,1512,3,3,5,09,18,6,,0,0,1,0,0
"POINT (9.697429325000030 52.375243814000044)",Unfall 1513 (2021) Kat:3, Licht: 0,1513,3,2,5,09,18,5,,0,0,1,0,0
"POINT (9.733220716000062 52.384106521000035)",Unfall 1514 (2021) Kat:3, Licht: 0,1514,3,6,2,10,17,2,,0,0,1,0,0
"POINT (9.929554058000065 52.342085777000079)",Unfall 1515 (2021) Kat:3, Licht: 0,1515,3,6,2,10,16,4,,0,0,1,0,0
"POINT (9.734326693000071 52.388995001000069)",Unfall 1516 (2021) Kat:3, Licht: 2,1516,3,5,1,09,21,4,,2,1,1,0,0
"POINT (9.856292804000077 52.358768253000051)",Unfall 1517 (2021) Kat:3, Licht: 0,1517,3,2,5,09,14,3,,0,0,1,0,0
"POINT (9.611164692000045 52.392054978000033)",Unfall 1518 (2021) Kat:3, Licht: 0,1518,3,3,5,09,19,4,,0,1,1,0,0
"POINT (9.622195216000023 52.426306074000081)",Unfall 1519 (2021) Kat:3, Licht: 0,1519,3,6,2,09,14,3,,0,0,1,0,0
"POINT (9.894406372000049 52.292370960000028)",Unfall 1520 (2021) Kat:2, Licht: 0,1520,2,6,2,10,12,2,,0,0,1,0,0
"POINT (9.805600207000055 52.408226364000029)",Unfall 1521 (2021) Kat:3, Licht: 0,1521,3,2,4,09,09,2,,0,1,1,0,0
"POINT (9.791104504000032 52.430118607000054)",Unfall 1522 (2021) Kat:3, Licht: 0,1522,3,6,2,09,16,5,,0,0,1,0,0
"POINT (9.775595514000031 52.576873132000060)",Unfall 1523 (2021) Kat:3, Licht: 0,1523,3,1,8,10,17,2,,0,0,0,0,1
"POINT (9.475304378000033 52.461969452000062)",Unfall 1524 (2021) Kat:3, Licht: 0,1524,3,6,2,09,08,3,,0,0,1,0,0
"POINT (9.565567578000071 52.448594946000071)",Unfall 1525 (2021) Kat:3, Licht: 1,1525,3,6,2,09,07,3,,1,0,1,0,0
"POINT (9.647333591000063 52.458674265000070)",Unfall 1526 (2021) Kat:3, Licht: 2,1526,3,6,4,09,06,4,,2,0,1,0,0
"POINT (10.022616357000061 52.381988239000066)",Unfall 1527 (2021) Kat:3, Licht: 1,1527,3,7,2,10,18,3,,1,0,1,0,0
"POINT (9.726762634000067 52.375738249000051)",Unfall 1528 (2021) Kat:3, Licht: 0,1528,3,3,5,09,10,4,,0,1,1,0,0
"POINT (9.726379791000056 52.380832529000031)",Unfall 1529 (2021) Kat:3, Licht: 0,1529,3,3,5,09,16,4,,0,1,1,0,0
"POINT (9.782270399000026 52.362511569000048)",Unfall 1530 (2021) Kat:3, Licht: 0,1530,3,6,2,10,15,7,,0,0,1,0,0
"POINT (9.496896133000064 52.311272197000051)",Unfall 1531 (2021) Kat:3, Licht: 2,1531,3,7,9,09,22,5,,2,0,1,0,0
"POINT (9.755977237000025 52.352749341000049)",Unfall 1532 (2021) Kat:3, Licht: 0,1532,3,2,4,10,12,4,,0,1,1,0,0
"POINT (9.916767388000039 52.353497733000040)",Unfall 1533 (2021) Kat:3, Licht: 0,1533,3,2,2,09,11,4,,0,0,1,0,0
"POINT (9.818433373000062 52.311024543000030)",Unfall 1534 (2021) Kat:3, Licht: 2,1534,3,7,7,09,22,4,,2,0,1,0,0
"POINT (9.757259266000062 52.351449252000066)",Unfall 1535 (2021) Kat:3, Licht: 0,1535,3,6,2,09,18,4,,0,1,0,0,0
"POINT (9.949265419000028 52.371975006000071)",Unfall 1536 (2021) Kat:3, Licht: 0,1536,3,2,2,09,06,2,,0,0,1,0,0
"POINT (9.844798843000035 52.413727825000080)",Unfall 1537 (2021) Kat:3, Licht: 0,1537,3,6,3,09,13,5,,0,0,1,0,0
"POINT (9.924559888000033 52.366178083000079)",Unfall 1538 (2021) Kat:3, Licht: 0,1538,3,2,4,10,18,6,,0,0,1,0,0
"POINT (9.820397030000038 52.296669916000042)",Unfall 1539 (2021) Kat:3, Licht: 0,1539,3,6,2,09,17,6,,0,0,1,0,0
"POINT (9.761442710000040 52.432127951000041)",Unfall 1540 (2021) Kat:3, Licht: 2,1540,3,6,2,09,23,1,,2,0,1,0,1
"POINT (9.892008170000054 52.429284740000071)",Unfall 1541 (2021) Kat:3, Licht: 2,1541,3,7,0,09,20,4,,2,0,1,0,0
"POINT (9.559881134000022 52.421622628000080)",Unfall 1542 (2021) Kat:3, Licht: 2,1542,3,6,3,10,06,3,,2,0,1,0,0
"POINT (9.755236399000069 52.427138201000048)",Unfall 1543 (2021) Kat:3, Licht: 2,1543,3,1,8,09,01,7,,2,0,1,0,0
"POINT (9.740181832000076 52.496256592000066)",Unfall 1544 (2021) Kat:3, Licht: 2,1544,3,7,8,10,22,1,,2,0,1,0,0
"POINT (9.548211618000039 52.340134032000037)",Unfall 1545 (2021) Kat:3, Licht: 2,1545,3,1,0,09,22,3,,2,1,0,0,0
"POINT (9.872505141000033 52.310673935000068)",Unfall 1546 (2021) Kat:3, Licht: 1,1546,3,2,4,09,07,3,,1,0,1,0,0
"POINT (9.971408850000046 52.372908519000077)",Unfall 1547 (2021) Kat:3, Licht: 0,1547,3,6,2,10,13,6,,0,0,1,0,0
"POINT (9.703304861000049 52.416049485000030)",Unfall 1548 (2021) Kat:3, Licht: 0,1548,3,7,0,10,13,7,,0,1,0,0,0
"POINT (9.463167650000059 52.341061638000042)",Unfall 1549 (2021) Kat:3, Licht: 2,1549,3,7,2,09,22,5,,2,0,1,0,0
"POINT (9.441499389000057 52.581347682000057)",Unfall 1550 (2021) Kat:2, Licht: 0,1550,2,1,4,09,09,5,,0,0,1,0,0
"POINT (9.834445373000051 52.420462178000037)",Unfall 1551 (2021) Kat:3, Licht: 0,1551,3,6,3,09,14,1,,0,0,1,0,0
"POINT (9.466730429000052 52.332777449000048)",Unfall 1552 (2021) Kat:2, Licht: 2,1552,2,1,9,10,01,1,,2,0,1,0,0
"POINT (9.733689446000028 52.418196898000076)",Unfall 1553 (2021) Kat:3, Licht: 0,1553,3,6,3,09,17,4,,0,0,1,0,0
"POINT (9.464817165000056 52.317999929000052)",Unfall 1554 (2021) Kat:3, Licht: 2,1554,3,1,0,09,21,7,,2,0,0,0,0
"POINT (9.697715170000038 52.376369219000026)",Unfall 1555 (2021) Kat:3, Licht: 0,1555,3,6,2,09,17,4,,0,0,1,0,0
"POINT (9.715399023000032 52.346344996000028)",Unfall 1556 (2021) Kat:3, Licht: 0,1556,3,6,2,10,09,2,,0,0,1,0,0
"POINT (9.859230424000032 52.487297901000034)",Unfall 1557 (2021) Kat:3, Licht: 0,1557,3,3,5,09,15,2,,0,1,1,0,0
"POINT (9.827578482000035 52.283584002000055)",Unfall 1558 (2021) Kat:3, Licht: 0,1558,3,2,5,10,15,5,,0,0,1,0,0
"POINT (9.489535928000066 52.490597235000052)",Unfall 1559 (2021) Kat:3, Licht: 2,1559,3,3,5,09,20,5,,2,0,1,0,0
"POINT (9.854232417000048 52.552017084000056)",Unfall 1560 (2021) Kat:3, Licht: 1,1560,3,6,2,10,07,4,,1,0,1,0,0
"POINT (9.852897076000033 52.410025290000078)",Unfall 1561 (2021) Kat:3, Licht: 0,1561,3,6,3,09,15,3,,0,0,1,0,0
"POINT (9.741717881000056 52.247931076000043)",Unfall 1562 (2021) Kat:3, Licht: 2,1562,3,7,8,09,21,3,,2,0,0,0,1
"POINT (9.676004077000073 52.438092939000057)",Unfall 1563 (2021) Kat:3, Licht: 0,1563,3,2,5,10,14,6,,0,0,1,0,0
"POINT (9.665533612000047 52.332904292000080)",Unfall 1564 (2021) Kat:3, Licht: 0,1564,3,3,5,09,14,4,,0,1,1,0,0
"POINT (9.644000648000031 52.397137809000071)",Unfall 1565 (2021) Kat:3, Licht: 0,1565,3,2,2,09,11,1,,0,1,1,0,0
"POINT (9.626306671000066 52.423758555000063)",Unfall 1566 (2021) Kat:3, Licht: 0,1566,3,6,2,10,13,3,,0,0,1,0,0
"POINT (9.715062595000063 52.422218578000070)",Unfall 1567 (2021) Kat:3, Licht: 2,1567,3,7,0,10,20,2,,2,0,1,0,1
"POINT (9.872543651000058 52.310680084000069)",Unfall 1568 (2021) Kat:2, Licht: 2,1568,2,2,5,09,05,2,,2,0,1,0,0
"POINT (9.766251158000046 52.343122806000054)",Unfall 1569 (2021) Kat:3, Licht: 0,1569,3,6,2,10,18,5,,0,0,1,0,0
"POINT (9.621100877000060 52.427082784000049)",Unfall 1570 (2021) Kat:3, Licht: 0,1570,3,6,2,09,14,5,,0,0,1,0,0
"POINT (9.463594517000047 52.379727417000026)",Unfall 1571 (2021) Kat:3, Licht: 1,1571,3,6,2,10,07,3,,1,0,1,0,0
"POINT (9.734894978000057 52.391455961000077)",Unfall 1572 (2021) Kat:3, Licht: 0,1572,3,2,5,09,10,2,,0,1,1,0,0
"POINT (9.914001002000077 52.359197122000069)",Unfall 1573 (2021) Kat:3, Licht: 0,1573,3,6,2,10,11,4,,0,0,1,0,0
"POINT (9.890024254000025 52.440642864000040)",Unfall 1574 (2021) Kat:2, Licht: 0,1574,2,6,0,10,14,4,,0,1,1,0,0
"POINT (9.861827338000069 52.381456743000058)",Unfall 1575 (2021) Kat:2, Licht: 0,1575,2,2,5,09,12,6,,0,0,1,0,1
"POINT (9.467794286000071 52.394978967000043)",Unfall 1576 (2021) Kat:3, Licht: 0,1576,3,6,8,10,11,2,,0,0,0,0,0
"POINT (9.830660738000063 52.467286049000052)",Unfall 1577 (2021) Kat:3, Licht: 0,1577,3,6,2,10,10,4,,0,0,1,0,0
"POINT (9.769019097000069 52.337929200000076)",Unfall 1578 (2021) Kat:3, Licht: 1,1578,3,1,0,10,19,6,,1,1,0,0,0
"POINT (9.611461525000038 52.434292994000032)",Unfall 1579 (2021) Kat:3, Licht: 0,1579,3,2,2,09,15,4,,0,0,1,0,0
"POINT (9.761615814000038 52.345784025000057)",Unfall 1580 (2021) Kat:3, Licht: 0,1580,3,7,4,09,13,5,,0,0,1,0,1
"POINT (9.620475206000037 52.427456011000061)",Unfall 1581 (2021) Kat:3, Licht: 0,1581,3,6,2,09,17,2,,0,0,1,0,0
"POINT (9.753972821000048 52.355571533000045)",Unfall 1582 (2021) Kat:3, Licht: 2,1582,3,1,0,09,03,5,,2,0,0,0,1
"POINT (9.630288331000031 52.263284579000072)",Unfall 1583 (2021) Kat:3, Licht: 2,1583,3,3,5,10,07,3,,2,0,1,0,0
"POINT (9.608473743000047 52.343401149000044)",Unfall 1584 (2021) Kat:3, Licht: 0,1584,3,3,5,09,17,3,,0,1,1,0,0
"POINT (9.719329700000060 52.421486042000026)",Unfall 1585 (2021) Kat:3, Licht: 0,1585,3,3,5,09,11,6,,0,1,1,0,0
"POINT (9.760476240000060 52.587276937000070)",Unfall 1586 (2021) Kat:2, Licht: 0,1586,2,6,2,10,09,7,,0,0,1,0,0
"POINT (9.412724248000075 52.333193453000035)",Unfall 1587 (2021) Kat:3, Licht: 0,1587,3,3,5,10,18,5,,0,0,1,0,0
"POINT (10.010554747000072 52.384953482000071)",Unfall 1588 (2021) Kat:3, Licht: 2,1588,3,6,3,09,01,2,,2,0,1,0,0
"POINT (9.597696788000064 52.423352998000041)",Unfall 1589 (2021) Kat:2, Licht: 2,1589,2,1,3,10,05,6,,2,0,1,0,0
"POINT (9.797326208000072 52.346957305000046)",Unfall 1590 (2021) Kat:3, Licht: 0,1590,3,6,2,09,16,4,,0,0,1,0,0
"POINT (9.732403373000068 52.383515696000075)",Unfall 1591 (2021) Kat:3, Licht: 0,1591,3,6,2,10,12,5,,0,0,1,0,0
"POINT (9.410062320000065 52.335367146000067)",Unfall 1592 (2021) Kat:3, Licht: 2,1592,3,6,2,09,23,5,,2,0,1,0,0
"POINT (9.727253882000070 52.375043694000055)",Unfall 1593 (2021) Kat:3, Licht: 0,1593,3,7,0,10,09,3,,0,0,0,0,1
"POINT (9.798528135000026 52.478190895000068)",Unfall 1594 (2021) Kat:2, Licht: 0,1594,2,7,0,09,14,6,,0,1,0,0,0
"POINT (9.431991268000047 52.330964992000077)",Unfall 1595 (2021) Kat:3, Licht: 0,1595,3,7,7,10,13,6,,0,1,0,0,0
"POINT (9.700561879000077 52.363333966000027)",Unfall 1596 (2021) Kat:3, Licht: 0,1596,3,3,5,10,10,6,,0,0,1,0,0
"POINT (9.717236520000029 52.346169756000052)",Unfall 1597 (2021) Kat:3, Licht: 2,1597,3,2,5,09,20,1,,2,0,1,0,0
"POINT (10.123727612000039 52.372656284000072)",Unfall 1598 (2021) Kat:3, Licht: 2,1598,3,6,3,09,06,3,,2,1,1,0,0
"POINT (9.630196788000035 52.263389866000068)",Unfall 1599 (2021) Kat:3, Licht: 0,1599,3,2,2,10,16,6,,0,0,1,0,0
"POINT (9.611562584000069 52.392057943000054)",Unfall 1600 (2021) Kat:3, Licht: 0,1600,3,6,2,10,18,5,,0,0,1,0,0
"POINT (10.184104446000049 52.465418763000059)",Unfall 1601 (2021) Kat:2, Licht: 2,1601,2,2,4,10,06,3,,2,0,1,0,0
"POINT (9.738215216000071 52.368142101000046)",Unfall 1602 (2021) Kat:3, Licht: 0,1602,3,6,2,09,17,3,,0,0,1,0,0
"POINT (9.387551581000025 52.457598212000050)",Unfall 1603 (2021) Kat:3, Licht: 1,1603,3,7,0,10,07,6,,1,0,0,0,0
"POINT (9.493570051000063 52.479415084000038)",Unfall 1604 (2021) Kat:3, Licht: 0,1604,3,4,6,09,16,4,,0,0,1,1,0
"POINT (9.831999837000069 52.300230132000081)",Unfall 1605 (2021) Kat:3, Licht: 0,1605,3,1,3,09,07,2,,0,0,1,0,0
"POINT (9.693425612000055 52.207448315000079)",Unfall 1606 (2021) Kat:3, Licht: 0,1606,3,2,5,10,14,3,,0,0,1,0,0
"POINT (9.651920980000057 52.171165345000077)",Unfall 1607 (2021) Kat:3, Licht: 0,1607,3,4,6,10,16,4,,0,0,1,1,0
"POINT (9.463112824000063 52.513215649000074)",Unfall 1608 (2021) Kat:3, Licht: 0,1608,3,6,2,09,13,2,,0,0,1,0,0
"POINT (9.760535391000076 52.587234454000054)",Unfall 1609 (2021) Kat:3, Licht: 0,1609,3,6,2,10,13,2,,0,0,1,0,0
"POINT (9.734046590000048 52.415478972000074)",Unfall 1610 (2021) Kat:3, Licht: 1,1610,3,6,2,10,18,4,,1,0,1,0,0
"POINT (9.724839332000045 52.243055967000032)",Unfall 1611 (2021) Kat:3, Licht: 0,1611,3,3,5,09,10,7,,0,0,1,0,1
"POINT (9.723005071000046 52.358102198000040)",Unfall 1612 (2021) Kat:3, Licht: 0,1612,3,3,5,10,13,4,,0,1,1,0,0
"POINT (9.761510751000060 52.521297678000053)",Unfall 1613 (2021) Kat:3, Licht: 0,1613,3,2,2,09,16,2,,0,0,1,0,0
"POINT (9.459539003000032 52.305381552000028)",Unfall 1614 (2021) Kat:2, Licht: 1,1614,2,2,6,09,19,4,,1,0,1,1,0
"POINT (10.059956100000022 52.395046129000036)",Unfall 1615 (2021) Kat:3, Licht: 0,1615,3,6,2,10,17,6,,0,0,0,0,1
"POINT (9.719498369000064 52.477070850000075)",Unfall 1616 (2021) Kat:3, Licht: 2,1616,3,6,2,10,19,3,,2,0,1,0,0
"POINT (9.627559143000042 52.421611849000044)",Unfall 1617 (2021) Kat:3, Licht: 0,1617,3,1,8,11,11,3,,0,0,1,0,0
"POINT (9.783206235000023 52.323299095000039)",Unfall 1618 (2021) Kat:2, Licht: 2,1618,2,4,0,12,07,6,,2,0,0,1,0
"POINT (9.737011179000035 52.289405062000071)",Unfall 1619 (2021) Kat:3, Licht: 0,1619,3,5,1,12,16,2,,0,0,1,0,0
"POINT (9.730989886000032 52.382502431000034)",Unfall 1620 (2021) Kat:3, Licht: 2,1620,3,6,2,11,18,4,,2,0,1,0,0
"POINT (9.890043055000035 52.423055679000072)",Unfall 1621 (2021) Kat:3, Licht: 2,1621,3,6,2,11,21,5,,2,0,1,0,0
"POINT (9.457224140000051 52.503293007000082)",Unfall 1622 (2021) Kat:3, Licht: 2,1622,3,2,6,11,18,2,,2,0,1,1,0
"POINT (9.743202142000030 52.604134598000030)",Unfall 1623 (2021) Kat:3, Licht: 2,1623,3,6,2,11,18,6,,2,0,1,0,0
"POINT (9.469524524000065 52.327946052000073)",Unfall 1624 (2021) Kat:2, Licht: 1,1624,2,1,8,11,07,5,,1,0,1,0,0
"POINT (9.745757288000050 52.209374234000052)",Unfall 1625 (2021) Kat:2, Licht: 2,1625,2,2,5,10,18,7,,2,0,1,0,1
"POINT (9.725730503000023 52.546917612000072)",Unfall 1626 (2021) Kat:3, Licht: 0,1626,3,3,5,12,15,4,,0,1,1,0,0
"POINT (9.749308717000076 52.547588035000047)",Unfall 1627 (2021) Kat:3, Licht: 2,1627,3,3,5,12,20,2,,2,0,1,0,0
"POINT (9.571565376000024 52.210148449000030)",Unfall 1628 (2021) Kat:3, Licht: 1,1628,3,6,2,10,18,5,,1,0,1,0,0
"POINT (9.484599348000074 52.394538065000063)",Unfall 1629 (2021) Kat:3, Licht: 0,1629,3,6,2,10,18,2,,0,0,1,0,0
"POINT (9.675651446000074 52.439316848000033)",Unfall 1630 (2021) Kat:3, Licht: 0,1630,3,1,9,12,12,1,,0,0,1,0,0
"POINT (9.494356595000056 52.414763077000032)",Unfall 1631 (2021) Kat:2, Licht: 2,1631,2,1,8,11,18,2,,2,0,1,0,0
"POINT (9.836081722000074 52.489920355000038)",Unfall 1632 (2021) Kat:3, Licht: 2,1632,3,2,5,11,16,3,,2,0,1,0,0
"POINT (9.444535760000065 52.586970002000044)",Unfall 1633 (2021) Kat:3, Licht: 2,1633,3,3,5,11,18,5,,2,0,1,0,1
"POINT (9.963899566000066 52.316045039000073)",Unfall 1634 (2021) Kat:3, Licht: 1,1634,3,2,5,11,06,2,,1,1,1,0,0
"POINT (9.608787138000025 52.318468521000057)",Unfall 1635 (2021) Kat:3, Licht: 0,1635,3,1,0,11,13,3,,0,0,0,0,1
"POINT (9.631910176000076 52.556850560000044)",Unfall 1636 (2021) Kat:3, Licht: 1,1636,3,1,0,11,06,4,,1,1,0,0,0
"POINT (9.759681565000051 52.335142700000063)",Unfall 1637 (2021) Kat:3, Licht: 2,1637,3,2,0,11,07,3,,2,1,1,0,0
"POINT (9.756469360000040 52.427110742000082)",Unfall 1638 (2021) Kat:2, Licht: 2,1638,2,6,3,11,03,5,,2,0,1,0,0
"POINT (9.763129880000065 52.344431945000053)",Unfall 1639 (2021) Kat:3, Licht: 0,1639,3,3,5,10,15,3,,0,1,1,0,0
"POINT (9.735153516000025 52.406287318000068)",Unfall 1640 (2021) Kat:3, Licht: 2,1640,3,3,5,11,17,2,,2,1,1,0,0
"POINT (9.732272302000069 52.369651548000036)",Unfall 1641 (2021) Kat:3, Licht: 0,1641,3,7,1,10,16,5,,0,1,0,0,0
"POINT (9.805224258000067 52.276840153000080)",Unfall 1642 (2021) Kat:3, Licht: 0,1642,3,6,2,11,08,5,,0,0,0,0,0
"POINT (9.496858641000074 52.311268419000044)",Unfall 1643 (2021) Kat:3, Licht: 0,1643,3,1,8,12,08,6,,0,0,1,0,0
"POINT (9.477707276000046 52.389504950000060)",Unfall 1644 (2021) Kat:3, Licht: 0,1644,3,7,8,11,15,2,,0,0,1,0,0
"POINT (10.105699850000065 52.389756778000049)",Unfall 1645 (2021) Kat:2, Licht: 0,1645,2,6,2,11,16,3,,0,0,1,0,0
"POINT (9.537512865000053 52.406642932000068)",Unfall 1646 (2021) Kat:3, Licht: 0,1646,3,7,7,10,09,5,,0,1,0,1,0
"POINT (9.728431393000051 52.374026392000076)",Unfall 1647 (2021) Kat:3, Licht: 0,1647,3,6,2,10,14,5,,0,0,1,0,0
"POINT (9.618276945000048 52.428820037000037)",Unfall 1648 (2021) Kat:3, Licht: 2,1648,3,2,4,11,18,6,,2,0,1,0,0
"POINT (9.780724968000072 52.270063928000070)",Unfall 1649 (2021) Kat:3, Licht: 0,1649,3,6,2,11,14,7,,0,0,1,0,0
"POINT (9.697755292000068 52.377131567000049)",Unfall 1650 (2021) Kat:3, Licht: 1,1650,3,6,2,10,18,6,,1,0,1,0,0
"POINT (9.863907241000049 52.334003913000060)",Unfall 1651 (2021) Kat:3, Licht: 2,1651,3,7,7,11,17,6,,2,0,1,0,0
"POINT (10.013064921000023 52.445425014000079)",Unfall 1652 (2021) Kat:2, Licht: 0,1652,2,3,5,10,10,5,,0,1,0,0,0
"POINT (9.636580923000054 52.417185463000067)",Unfall 1653 (2021) Kat:3, Licht: 0,1653,3,6,2,12,14,4,,0,0,1,0,0
"POINT (9.733382500000062 52.417795403000071)",Unfall 1654 (2021) Kat:3, Licht: 1,1654,3,3,5,10,07,2,,1,1,1,0,0
"POINT (9.670509389000074 52.382811342000082)",Unfall 1655 (2021) Kat:3, Licht: 2,1655,3,4,6,12,18,5,,2,1,0,1,0
"POINT (9.762226111000075 52.370416054000032)",Unfall 1656 (2021) Kat:3, Licht: 2,1656,3,2,3,11,17,3,,2,1,1,0,0
"POINT (9.601223243000049 52.177431404000060)",Unfall 1657 (2021) Kat:2, Licht: 2,1657,2,1,9,11,18,2,,2,0,1,0,0
"POINT (9.463142294000022 52.513215492000029)",Unfall 1658 (2021) Kat:3, Licht: 2,1658,3,6,2,11,18,2,,2,0,1,0,0
"POINT (9.588835833000076 52.395565901000055)",Unfall 1659 (2021) Kat:3, Licht: 2,1659,3,2,6,11,19,4,,2,0,1,1,0
"POINT (9.820821411000054 52.297277421000047)",Unfall 1660 (2021) Kat:3, Licht: 2,1660,3,6,4,11,20,6,,2,0,0,0,0
"POINT (10.070734958000060 52.519104993000042)",Unfall 1661 (2021) Kat:2, Licht: 0,1661,2,1,9,11,08,4,,0,0,1,0,0
"POINT (9.616875655000058 52.316290997000067)",Unfall 1662 (2021) Kat:2, Licht: 2,1662,2,1,8,11,23,4,,2,0,1,0,0
"POINT (9.885201543000051 52.429427459000067)",Unfall 1663 (2021) Kat:3, Licht: 0,1663,3,1,9,10,12,5,,0,0,1,0,0
"POINT (9.803729725000039 52.336969165000028)",Unfall 1664 (2021) Kat:3, Licht: 1,1664,3,6,2,11,06,4,,1,0,1,0,0