WKT,Name,OBJECTID,UKATEGORIE,UTYP1,UART,UMONAT,USTUNDE,UWOCHENTAG,STRZUSTAND,ULICHTVERH,ISTRAD,ISTPKW,ISTFUSS,ISTKRAD
"POINT (9.743593533000023 52.368930429000045)",Unfall 2030 (2021) Kat:3, Licht: 2,2030,3,2,1,12,17,5,,2,0,1,0,0
"POINT (9.634122254000033 52.418827106000037)",Unfall 2031 (2021) Kat:3, Licht: 2,2031,3,1,8,12,06,4,,2,0,1,0,0
"POINT (9.824691455000050 52.339823221000074)",Unfall 2032 (2021) Kat:3, Licht: 2,2032,3,3,5,12,16,4,,2,1,1,0,0
"POINT (9.428371212000059 52.428198906000034)",Unfall 2033 (2021) Kat:3, Licht: 0,2033,3,6,2,12,13,2,,0,0,1,0,0
"POINT (9.735201349000022 52.393102546000080)",Unfall 2034 (2021) Kat:3, Licht: 2,2034,3,6,2,12,16,5,,2,0,1,0,0
"POINT (9.444540289000031 52.368165622000049)",Unfall 2035 (2021) Kat:3, Licht: 2,2035,3,1,9,12,04,4,,2,0,1,0,0
"POINT (9.753320563000045 52.526725279000061)",Unfall 2036 (2021) Kat:3, Licht: 2,2036,3,6,4,12,06,3,,2,1,0,0,0
"POINT (9.619255028000055 52.211001887000066)",Unfall 2037 (2021) Kat:3, Licht: 0,2037,3,6,3,12,14,4,,0,0,1,0,0
"POINT (9.736236246000033 52.397421141000052)",Unfall 2038 (2021) Kat:3, Licht: 1,2038,3,6,3,12,16,4,,1,0,1,0,0
"POINT (9.716064992000042 52.637732416000063)",Unfall 2039 (2021) Kat:3, Licht: 0,2039,3,6,2,12,10,1,,0,0,1,0,0
"POINT (9.793679738000037 52.553678873000081)",Unfall 2040 (2021) Kat:3, Licht: 0,2040,3,6,2,12,11,7,,0,0,1,0,0
"POINT (9.613930185000072 52.316359559000034)",Unfall 2041 (2021) Kat:3, Licht: 2,2041,3,3,5,12,07,2,,2,1,1,0,0
"POINT (9.477102519000027 52.460686259000056)",Unfall 2042 (2021) Kat:3, Licht: 2,2042,3,3,5,12,05,5,,2,0,1,0,0
"POINT (9.732969794000041 52.420815337000079)",Unfall 2043 (2021) Kat:2, Licht: 0,2043,2,3,5,12,09,3,,0,0,1,0,0
"POINT (9.697025426000039 52.341284636000069)",Unfall 2044 (2021) Kat:3, Licht: 2,2044,3,6,2,12,21,6,,2,0,1,0,0
"POINT (9.438830019000022 52.423145044000080)",Unfall 2045 (2021) Kat:3, Licht: 2,2045,3,3,5,12,19,3,,2,0,1,0,0
"POINT (9.626532781000037 52.221641653000063)",Unfall 2046 (2021) Kat:3, Licht: 0,2046,3,6,2,12,14,4,,0,0,1,0,0
"POINT (9.418989665000026 52.429263056000082)",Unfall 2047 (2021) Kat:3, Licht: 0,2047,3,3,5,12,12,4,,0,1,1,0,0
"POINT (10.014448182000024 52.382802768000033)",Unfall 2048 (2021) Kat:3, Licht: 0,2048,3,2,4,12,15,5,,0,0,1,0,0
"POINT (9.611151909000057 52.431489678000048)",Unfall 2049 (2021) Kat:3, Licht: 2,2049,3,2,5,12,21,6,,2,0,1,0,0
"POINT (9.742942257000038 52.368459572000063)",Unfall 2050 (2021) Kat:3, Licht: 2,2050,3,6,4,12,16,3,,2,1,0,0,0
"POINT (9.747765393000066 52.363673825000035)",Unfall 2051 (2021) Kat:3, Licht: 0,2051,3,2,5,12,10,5,,0,1,0,0,0
"POINT (9.842156242000044 52.415630531000033)",Unfall 2052 (2021) Kat:3, Licht: 1,2052,3,6,2,12,16,5,,1,0,1,0,0
"POINT (9.803965366000057 52.338791204000074)",Unfall 2053 (2021) Kat:3, Licht: 0,2053,3,6,2,12,14,2,,0,0,1,0,0
"POINT (9.660306268000056 52.387137397000060)",Unfall 2054 (2021) Kat:3, Licht: 2,2054,3,1,8,12,21,4,,2,0,1,0,0
"POINT (9.790135440000029 52.271437255000080)",Unfall 2055 (2021) Kat:3, Licht: 2,2055,3,7,0,12,22,4,,2,1,0,0,0
"POINT (10.130178625000042 52.380826432000049)",Unfall 2056 (2021) Kat:3, Licht: 0,2056,3,1,8,12,13,1,,0,0,1,0,0
"POINT (9.597493011000040 52.409174963000055)",Unfall 2057 (2021) Kat:3, Licht: 0,2057,3,6,2,12,10,4,,0,0,1,0,0
"POINT (9.910228192000034 52.356088406000026)",Unfall 2058 (2021) Kat:3, Licht: 2,2058,3,1,9,12,17,7,,2,0,1,0,0
"POINT (9.785039093000023 52.385427031000063)",Unfall 2059 (2021) Kat:3, Licht: 2,2059,3,6,2,12,17,5,,2,0,1,0,0
"POINT (9.843716620000066 52.491779620000045)",Unfall 2060 (2021) Kat:3, Licht: 0,2060,3,1,4,12,14,4,,0,0,1,0,0
"POINT (9.734013691000030 52.387041450000027)",Unfall 2061 (2021) Kat:2, Licht: 2,2061,2,2,5,12,07,6,,2,0,1,0,0
"POINT (9.721371133000048 52.391603066000073)",Unfall 2062 (2021) Kat:2, Licht: 0,2062,2,4,6,12,14,5,,0,0,1,1,0
"POINT (9.924559888000033 52.366178083000079)",Unfall 2063 (2021) Kat:3, Licht: 2,2063,3,3,5,12,07,5,,2,0,1,0,0
"POINT (9.960127902000067 52.390248944000064)",Unfall 2064 (2021) Kat:3, Licht: 2,2064,3,6,2,12,18,5,,2,0,1,0,0
"POINT (10.216151571000069 52.496200442000031)",Unfall 2065 (2021) Kat:2, Licht: 2,2065,2,1,8,12,00,4,,2,0,1,0,0
"POINT (9.903840834000050 52.444848297000078)",Unfall 2066 (2021) Kat:3, Licht: 0,2066,3,3,5,12,13,3,,0,1,1,0,0
"POINT (9.722558731000049 52.378434056000060)",Unfall 2067 (2021) Kat:3, Licht: 2,2067,3,6,2,12,18,1,,2,0,1,0,0
"POINT (9.812972852000030 52.525928137000051)",Unfall 2068 (2021) Kat:3, Licht: 2,2068,3,7,8,12,06,3,,2,0,0,0,0
"POINT (9.734480748000067 52.438448778000065)",Unfall 2069 (2021) Kat:3, Licht: 2,2069,3,6,2,12,23,5,,2,0,1,0,0
"POINT (9.871786839000038 52.424397616000078)",Unfall 2070 (2021) Kat:3, Licht: 0,2070,3,1,8,12,09,2,,0,0,1,0,0
"POINT (9.966587625000045 52.310440335000067)",Unfall 2071 (2021) Kat:3, Licht: 1,2071,3,6,2,12,16,4,,1,1,1,0,0
"POINT (9.839472136000040 52.490763233000052)",Unfall 2072 (2021) Kat:3, Licht: 2,2072,3,6,2,12,19,3,,2,0,1,0,0
"POINT (9.927482550000036 52.367250694000063)",Unfall 2073 (2021) Kat:3, Licht: 2,2073,3,1,8,12,06,2,,2,0,1,0,0
"POINT (9.646760231000030 52.397322692000046)",Unfall 2074 (2021) Kat:3, Licht: 0,2074,3,2,4,12,14,1,,0,0,1,0,0
"POINT (9.725133913000036 52.459793789000059)",Unfall 2075 (2021) Kat:3, Licht: 0,2075,3,3,5,12,14,7,,0,0,1,0,0
"POINT (9.823638752000022 52.425883981000027)",Unfall 2076 (2021) Kat:2, Licht: 2,2076,2,6,2,12,03,3,,2,0,1,0,0
"POINT (9.733677103000048 52.384941533000074)",Unfall 2077 (2021) Kat:3, Licht: 2,2077,3,7,0,12,17,5,,2,0,0,0,0
"POINT (9.614041752000048 52.392229848000056)",Unfall 2078 (2021) Kat:3, Licht: 1,2078,3,2,4,12,16,5,,1,1,1,0,0
"POINT (10.027544116000058 52.380547034000074)",Unfall 2079 (2021) Kat:3, Licht: 2,2079,3,7,0,12,06,3,,2,0,0,0,0
"POINT (9.830526764000069 52.422850822000044)",Unfall 2080 (2021) Kat:3, Licht: 2,2080,3,6,2,12,20,5,,2,0,1,0,0
"POINT (9.775217088000034 52.576710058000060)",Unfall 2081 (2021) Kat:3, Licht: 0,2081,3,6,3,12,10,7,,0,0,1,0,0
"POINT (9.779090082000039 52.573323089000041)",Unfall 2082 (2021) Kat:3, Licht: 0,2082,3,6,2,12,10,7,,0,0,1,0,0
"POINT (9.652797291000070 52.424841109000056)",Unfall 2083 (2021) Kat:3, Licht: 2,2083,3,6,2,12,18,4,,2,0,1,0,0
"POINT (9.832007684000075 52.300231462000056)",Unfall 2084 (2021) Kat:3, Licht: 0,2084,3,3,0,12,14,5,,0,0,1,0,0
"POINT (9.708491617000050 52.427338239000051)",Unfall 2085 (2021) Kat:3, Licht: 2,2085,3,3,5,12,06,4,,2,1,1,0,0
"POINT (9.629928459000041 52.421287970000037)",Unfall 2086 (2021) Kat:3, Licht: 2,2086,3,6,3,12,19,6,,2,0,1,0,0
"POINT (9.630381249000038 52.263177708000057)",Unfall 2087 (2021) Kat:3, Licht: 2,2087,3,6,2,12,08,3,,2,0,1,0,0
"POINT (9.713080574000060 52.346511540000051)",Unfall 2088 (2021) Kat:3, Licht: 2,2088,3,6,2,12,16,4,,2,0,1,0,0
"POINT (9.945131912000022 52.356124669000053)",Unfall 2089 (2021) Kat:3, Licht: 0,2089,3,1,8,12,09,2,,0,0,1,0,0
"POINT (9.712538984000048 52.402849668000044)",Unfall 2090 (2021) Kat:2, Licht: 2,2090,2,1,8,12,01,7,,2,0,0,0,0
"POINT (9.799701923000043 52.336071297000046)",Unfall 2091 (2021) Kat:3, Licht: 0,2091,3,6,2,12,10,4,,0,0,1,0,0
"POINT (9.818465420000052 52.305941353000037)",Unfall 2092 (2021) Kat:3, Licht: 0,2092,3,2,5,12,09,2,,0,1,1,0,0
"POINT (9.593534975000068 52.437646483000037)",Unfall 2093 (2021) Kat:3, Licht: 0,2093,3,3,5,12,14,4,,0,0,1,0,0
"POINT (9.678419868000049 52.347705665000035)",Unfall 2094 (2021) Kat:2, Licht: 0,2094,2,6,4,12,15,5,,0,0,1,0,0
"POINT (9.898154216000023 52.455737899000042)",Unfall 2095 (2021) Kat:3, Licht: 2,2095,3,2,4,12,16,4,,2,0,1,0,0
"POINT (9.732847836000076 52.616438875000028)",Unfall 2096 (2021) Kat:3, Licht: 0,2096,3,6,2,12,15,3,,0,0,1,0,0
"POINT (9.771825253000031 52.342959024000038)",Unfall 2097 (2021) Kat:3, Licht: 1,2097,3,6,2,12,17,2,,1,0,1,0,0
"POINT (9.729804611000077 52.384064271000057)",Unfall 2098 (2021) Kat:3, Licht: 1,2098,3,2,4,12,16,4,,1,1,1,0,0
"POINT (9.636612314000047 52.193083850000050)",Unfall 2099 (2021) Kat:3, Licht: 0,2099,3,6,3,12,08,6,,0,0,1,0,0
"POINT (9.697739818000059 52.377146186000061)",Unfall 2100 (2021) Kat:3, Licht: 2,2100,3,6,2,12,18,1,,2,0,1,0,0
"POINT (9.990442826000049 52.368654241000058)",Unfall 2101 (2021) Kat:3, Licht: 2,2101,3,2,4,12,06,2,,2,0,1,0,0
"POINT (9.934845509000070 52.347683141000061)",Unfall 2102 (2021) Kat:3, Licht: 2,2102,3,7,0,12,06,5,,2,0,0,0,0
"POINT (9.836151843000039 52.489937354000062)",Unfall 2103 (2021) Kat:3, Licht: 1,2103,3,1,0,12,07,6,,1,1,1,0,0
"POINT (9.829671287000053 52.399775786000077)",Unfall 2104 (2021) Kat:3, Licht: 1,2104,3,2,5,12,16,2,,1,0,1,0,0
"POINT (9.468083990000025 52.421805312000060)",Unfall 2105 (2021) Kat:3, Licht: 2,2105,3,6,4,12,18,2,,2,0,1,0,0
"POINT (10.103622422000058 52.456692095000051)",Unfall 2106 (2021) Kat:2, Licht: 2,2106,2,1,9,12,20,3,,2,0,1,0,0
"POINT (9.887876371000061 52.425280845000032)",Unfall 2107 (2021) Kat:3, Licht: 0,2107,3,1,8,12,11,7,,0,0,1,0,0
"POINT (9.597464984000055 52.388649733000079)",Unfall 2108 (2021) Kat:3, Licht: 2,2108,3,3,5,12,07,3,,2,0,0,0,0
"POINT (9.575347437000062 52.279327120000062)",Unfall 2109 (2021) Kat:3, Licht: 2,2109,3,3,5,12,07,2,,2,0,1,0,0
"POINT (9.469533768000076 52.327817299000060)",Unfall 2110 (2021) Kat:2, Licht: 0,2110,2,1,8,12,12,7,,0,0,1,0,0
"POINT (9.735231882000051 52.405531631000031)",Unfall 2111 (2021) Kat:3, Licht: 1,2111,3,3,5,12,15,5,,1,1,1,0,0
"POINT (9.868193804000043 52.309700857000053)",Unfall 2112 (2021) Kat:2, Licht: 0,2112,2,2,5,12,15,2,,0,0,1,0,0
"POINT (10.027881713000056 52.351751202000059)",Unfall 2113 (2021) Kat:3, Licht: 2,2113,3,1,9,12,06,2,,2,0,1,0,0
"POINT (9.734789106000051 52.407235324000055)",Unfall 2114 (2021) Kat:3, Licht: 2,2114,3,7,4,12,05,1,,2,0,1,0,0
"POINT (9.701843538000048 52.364075964000051)",Unfall 2115 (2021) Kat:3, Licht: 2,2115,3,3,5,12,05,2,,2,1,1,0,0
"POINT (9.613525200000026 52.436052279000080)",Unfall 2116 (2021) Kat:3, Licht: 2,2116,3,2,6,01,18,2,,2,0,1,1,0
"POINT (9.737690822000047 52.382146924000040)",Unfall 2117 (2021) Kat:3, Licht: 0,2117,3,6,2,02,15,3,,0,0,1,0,0
"POINT (9.458228940000026 52.503214606000029)",Unfall 2118 (2021) Kat:2, Licht: 2,2118,2,2,6,01,18,5,,2,0,1,1,0
"POINT (9.758177746000058 52.359360029000072)",Unfall 2119 (2021) Kat:3, Licht: 1,2119,3,3,5,01,17,5,,1,1,1,0,0
"POINT (9.733129920000067 52.398878082000067)",Unfall 2120 (2021) Kat:3, Licht: 0,2120,3,5,1,02,13,7,,0,0,1,0,0
"POINT (9.736099087000071 52.362654570000075)",Unfall 2121 (2021) Kat:2, Licht: 0,2121,2,7,9,01,12,5,,0,0,1,0,0
"POINT (9.734353141000042 52.376755699000057)",Unfall 2122 (2021) Kat:3, Licht: 0,2122,3,1,0,01,12,6,,0,1,0,0,0
"POINT (9.427416751000067 52.428831424000066)",Unfall 2123 (2021) Kat:3, Licht: 0,2123,3,2,3,01,10,5,,0,1,1,0,0
"POINT (9.730654129000072 52.391289347000054)",Unfall 2124 (2021) Kat:3, Licht: 2,2124,3,3,5,01,18,1,,2,0,1,0,0
"POINT (9.639136417000032 52.417053236000072)",Unfall 2125 (2021) Kat:3, Licht: 0,2125,3,3,5,02,14,3,,0,0,1,0,0
"POINT (9.670663385000069 52.358356627000035)",Unfall 2126 (2021) Kat:3, Licht: 2,2126,3,2,4,01,18,3,,2,1,1,0,0
"POINT (9.712865869000041 52.371582805000060)",Unfall 2127 (2021) Kat:3, Licht: 0,2127,3,7,0,01,14,7,,0,1,0,0,0
"POINT (9.705905549000022 52.372060588000068)",Unfall 2128 (2021) Kat:3, Licht: 2,2128,3,3,5,01,21,7,,2,1,0,0,0
"POINT (9.805144093000024 52.399541210000052)",Unfall 2129 (2021) Kat:3, Licht: 0,2129,3,1,0,01,07,4,,0,1,0,0,0
"POINT (9.720595870000068 52.432486827000048)",Unfall 2130 (2021) Kat:3, Licht: 2,2130,3,3,5,01,19,4,,2,0,1,0,0
"POINT (9.794146952000062 52.375159984000049)",Unfall 2131 (2021) Kat:3, Licht: 0,2131,3,3,5,02,11,2,,0,1,1,0,0
"POINT (9.763024249000068 52.340041289000055)",Unfall 2132 (2021) Kat:3, Licht: 2,2132,3,3,5,01,07,5,,2,1,1,0,0
"POINT (9.710872645000052 52.359395802000051)",Unfall 2133 (2021) Kat:3, Licht: 0,2133,3,2,5,01,14,5,,0,0,1,0,0
"POINT (9.751793521000025 52.373066096000059)",Unfall 2134 (2021) Kat:3, Licht: 0,2134,3,4,6,01,09,6,,0,0,1,1,0
"POINT (9.798052918000053 52.392266978000066)",Unfall 2135 (2021) Kat:2, Licht: 2,2135,2,2,6,01,17,6,,2,0,1,1,0
"POINT (9.781652691000033 52.415605176000042)",Unfall 2136 (2021) Kat:3, Licht: 0,2136,3,2,4,01,14,4,,0,0,1,0,0
"POINT (9.728264691000049 52.359052218000045)",Unfall 2137 (2021) Kat:3, Licht: 1,2137,3,3,5,02,17,4,,1,1,1,0,0
"POINT (9.727494306000040 52.368359486000031)",Unfall 2138 (2021) Kat:3, Licht: 0,2138,3,6,0,01,15,4,,0,1,0,0,0
"POINT (9.720884614000056 52.388688159000026)",Unfall 2139 (2021) Kat:3, Licht: 2,2139,3,3,5,02,18,6,,2,0,1,0,0
"POINT (9.602310049000039 52.416765374000079)",Unfall 2140 (2021) Kat:3, Licht: 0,2140,3,3,5,01,14,1,,0,0,1,0,0
"POINT (9.746213343000022 52.393151129000046)",Unfall 2141 (2021) Kat:3, Licht: 0,2141,3,2,2,02,10,5,,0,0,1,0,0
"POINT (9.749115761000041 52.377815325000029)",Unfall 2142 (2021) Kat:3, Licht: 2,2142,3,3,5,01,19,1,,2,1,1,0,0
"POINT (9.741009609000059 52.398795575000065)",Unfall 2143 (2021) Kat:2, Licht: 1,2143,2,3,5,01,16,5,,1,1,1,0,0
"POINT (9.968369380000070 52.374943316000042)",Unfall 2144 (2021) Kat:3, Licht: 0,2144,3,3,5,02,15,6,,0,0,1,0,0
"POINT (9.600722083000051 52.437902932000043)",Unfall 2145 (2021) Kat:3, Licht: 0,2145,3,3,5,01,14,6,,0,0,1,0,0
"POINT (10.003690419000066 52.447797862000073)",Unfall 2146 (2021) Kat:2, Licht: 0,2146,2,4,6,02,12,7,,0,0,1,1,0
"POINT (9.793544803000032 52.332860463000031)",Unfall 2147 (2021) Kat:2, Licht: 2,2147,2,4,6,01,07,4,,2,0,1,1,0
"POINT (9.716373199000031 52.388617512000053)",Unfall 2148 (2021) Kat:3, Licht: 0,2148,3,1,0,01,10,1,,0,1,0,0,0
"POINT (9.745669642000053 52.382196477000036)",Unfall 2149 (2021) Kat:3, Licht: 0,2149,3,3,5,01,12,6,,0,1,1,0,0
"POINT (9.465225794000048 52.504133460000048)",Unfall 2150 (2021) Kat:3, Licht: 0,2150,3,6,2,01,14,5,,0,0,1,0,0
"POINT (9.430432830000029 52.419520636000072)",Unfall 2151 (2021) Kat:3, Licht: 2,2151,3,3,5,02,23,6,,2,0,1,0,0
"POINT (9.692914842000050 52.341895833000081)",Unfall 2152 (2021) Kat:3, Licht: 0,2152,3,1,0,02,09,2,,0,1,0,0,0
"POINT (9.709995749000029 52.394034273000045)",Unfall 2153 (2021) Kat:3, Licht: 0,2153,3,6,4,01,14,3,,0,0,1,0,0
"POINT (9.726233396000055 52.377245981000044)",Unfall 2154 (2021) Kat:3, Licht: 2,2154,3,3,5,02,19,3,,2,1,1,0,0
"POINT (9.723867221000035 52.372943290000080)",Unfall 2155 (2021) Kat:3, Licht: 2,2155,3,3,5,02,21,7,,2,0,1,0,0
"POINT (9.736446242000056 52.387012378000065)",Unfall 2156 (2021) Kat:3, Licht: 1,2156,3,3,5,01,08,2,,1,0,1,0,0
"POINT (9.384292288000040 52.410988644000042)",Unfall 2157 (2021) Kat:3, Licht: 2,2157,3,1,9,01,20,6,,2,0,1,0,0
"POINT (9.761520279000024 52.379799984000044)",Unfall 2158 (2021) Kat:3, Licht: 2,2158,3,3,5,01,07,5,,2,1,1,0,0
"POINT (9.807791306000070 52.387157078000030)",Unfall 2159 (2021) Kat:3, Licht: 1,2159,3,6,2,01,07,3,,1,0,1,0,0
"POINT (9.805688430000032 52.407698628000048)",Unfall 2160 (2021) Kat:2, Licht: 1,2160,2,1,0,01,16,6,,1,1,0,0,0
"POINT (9.762754468000026 52.410333791000028)",Unfall 2161 (2021) Kat:3, Licht: 2,2161,3,2,5,01,05,6,,2,0,1,0,0
"POINT (9.801419407000026 52.402894146000051)",Unfall 2162 (2021) Kat:3, Licht: 0,2162,3,3,5,01,15,4,,0,0,1,0,0
"POINT (9.464488776000053 52.314346320000027)",Unfall 2163 (2021) Kat:3, Licht: 0,2163,3,3,5,01,15,2,,0,0,1,0,0
"POINT (9.806984456000066 52.398556243000030)",Unfall 2164 (2021) Kat:3, Licht: 2,2164,3,7,0,01,07,4,,2,1,0,0,0
"POINT (9.771594589000074 52.400484323000057)",Unfall 2165 (2021) Kat:2, Licht: 2,2165,2,1,0,01,05,4,,2,1,0,0,0
"POINT (10.010498914000038 52.435150757000031)",Unfall 2166 (2021) Kat:2, Licht: 2,2166,2,2,6,01,17,4,,2,0,1,1,0
"POINT (9.741011044000061 52.398785775000079)",Unfall 2167 (2021) Kat:3, Licht: 1,2167,3,3,5,02,08,5,,1,1,1,0,0
"POINT (9.759234500000048 52.335589051000056)",Unfall 2168 (2021) Kat:3, Licht: 0,2168,3,6,0,01,14,2,,0,0,1,0,0
"POINT (9.704710361000025 52.374405002000060)",Unfall 2169 (2021) Kat:3, Licht: 0,2169,3,1,0,01,10,2,,0,1,0,0,0
"POINT (9.819416968000041 52.356099772000050)",Unfall 2170 (2021) Kat:2, Licht: 2,2170,2,2,5,01,07,6,,2,1,1,0,0
"POINT (9.841482032000044 52.395055696000043)",Unfall 2171 (2021) Kat:3, Licht: 0,2171,3,2,6,02,15,2,,0,0,1,1,0
"POINT (9.747888299000067 52.388121497000043)",Unfall 2172 (2021) Kat:3, Licht: 2,2172,3,2,4,01,18,7,,2,1,1,0,0
"POINT (9.568132236000054 52.211901066000053)",Unfall 2173 (2021) Kat:3, Licht: 0,2173,3,2,4,01,14,4,,0,0,1,0,0
"POINT (9.780979148000029 52.324891012000080)",Unfall 2174 (2021) Kat:3, Licht: 0,2174,3,7,0,02,12,3,,0,0,0,0,0
"POINT (9.833406821000040 52.419253338000033)",Unfall 2175 (2021) Kat:3, Licht: 2,2175,3,3,5,01,17,3,,2,0,1,0,0
"POINT (9.781062245000044 52.403912768000055)",Unfall 2176 (2021) Kat:3, Licht: 0,2176,3,3,5,01,14,3,,0,1,1,0,0
"POINT (9.754770764000057 52.374928771000043)",Unfall 2177 (2021) Kat:3, Licht: 0,2177,3,3,5,01,15,2,,0,1,1,0,0
"POINT (10.026382798000043 52.440189099000065)",Unfall 2178 (2021) Kat:3, Licht: 0,2178,3,6,2,02,10,4,,0,0,1,0,0
"POINT (9.701463048000051 52.395902861000081)",Unfall 2179 (2021) Kat:3, Licht: 0,2179,3,6,2,01,14,6,,0,0,1,0,0
"POINT (9.727255599000046 52.396352160000049)",Unfall 2180 (2021) Kat:3, Licht: 0,2180,3,3,5,01,09,4,,0,0,1,0,0
"POINT (9.988351031000036 52.383792949000053)",Unfall 2181 (2021) Kat:3, Licht: 0,2181,3,1,1,02,15,2,,0,0,1,0,0
"POINT (9.754316723000045 52.368366168000080)",Unfall 2182 (2021) Kat:3, Licht: 2,2182,3,2,3,01,07,5,,2,1,1,0,0
"POINT (9.670158576000063 52.361250035000069)",Unfall 2183 (2021) Kat:3, Licht: 2,2183,3,4,6,02,17,4,,2,0,1,1,0
"POINT (9.668173679000063 52.400626341000077)",Unfall 2184 (2021) Kat:3, Licht: 0,2184,3,4,6,02,16,4,,0,1,0,1,0
"POINT (9.763056425000059 52.336857940000073)",Unfall 2185 (2021) Kat:3, Licht: 2,2185,3,4,6,01,18,5,,2,0,1,1,0
"POINT (9.663248371000066 52.409804988000076)",Unfall 2186 (2021) Kat:3, Licht: 0,2186,3,1,8,01,15,3,,0,0,1,0,0
"POINT (9.805405466000025 52.395563190000075)",Unfall 2187 (2021) Kat:3, Licht: 2,2187,3,6,0,01,19,1,,2,1,1,0,0
"POINT (9.692484898000032 52.396660219000069)",Unfall 2188 (2021) Kat:3, Licht: 2,2188,3,2,4,01,17,7,,2,1,1,0,0
"POINT (9.742494569000030 52.375341002000027)",Unfall 2189 (2021) Kat:3, Licht: 0,2189,3,1,0,01,11,3,,0,1,0,0,0
"POINT (9.596179181000025 52.313052834000075)",Unfall 2190 (2021) Kat:3, Licht: 0,2190,3,2,5,02,13,4,,0,1,1,0,0
"POINT (9.707285289000026 52.375783292000051)",Unfall 2191 (2021) Kat:3, Licht: 0,2191,3,1,0,01,11,1,,0,1,0,0,0
"POINT (9.737340931000062 52.375244162000058)",Unfall 2192 (2021) Kat:3, Licht: 0,2192,3,7,6,01,14,2,,0,0,1,1,0
"POINT (9.587398550000046 52.416648715000065)",Unfall 2193 (2021) Kat:3, Licht: 0,2193,3,6,2,01,12,5,,0,0,1,0,0
"POINT (9.683772168000075 52.411468694000064)",Unfall 2194 (2021) Kat:3, Licht: 0,2194,3,3,5,02,15,2,,0,0,1,0,0
"POINT (9.742910962000053 52.440118237000036)",Unfall 2195 (2021) Kat:3, Licht: 2,2195,3,3,5,01,18,5,,2,1,0,0,0
"POINT (9.595669675000067 52.429643666000061)",Unfall 2196 (2021) Kat:3, Licht: 2,2196,3,4,6,01,17,2,,2,0,1,1,0
"POINT (9.607494028000076 52.443178634000049)",Unfall 2197 (2021) Kat:3, Licht: 0,2197,3,5,4,01,11,7,,0,0,1,0,0
"POINT (9.720805219000056 52.349380991000032)",Unfall 2198 (2021) Kat:3, Licht: 2,2198,3,3,5,01,17,5,,2,1,1,0,0
"POINT (9.749271683000075 52.390229002000069)",Unfall 2199 (2021) Kat:3, Licht: 0,2199,3,1,0,01,12,6,,0,1,0,0,0
"POINT (9.827670179000052 52.389097345000039)",Unfall 2200 (2021) Kat:3, Licht: 0,2200,3,3,5,01,10,3,,0,1,0,0,0
"POINT (9.705985702000021 52.372282141000028)",Unfall 2201 (2021) Kat:3, Licht: 0,2201,3,2,3,01,12,2,,0,1,1,0,0
"POINT (9.740319444000022 52.552300006000053)",Unfall 2202 (2021) Kat:3, Licht: 0,2202,3,3,5,01,11,1,,0,1,1,0,0
"POINT (10.004132326000047 52.449553704000039)",Unfall 2203 (2021) Kat:3, Licht: 1,2203,3,3,5,02,16,3,,1,0,1,0,0
"POINT (9.690825784000026 52.345926231000078)",Unfall 2204 (2021) Kat:3, Licht: 0,2204,3,1,0,01,13,7,,0,1,0,0,0
"POINT (9.676925640000036 52.399567080000054)",Unfall 2205 (2021) Kat:3, Licht: 0,2205,3,7,1,02,12,4,,0,0,1,0,0
"POINT (9.536508888000071 52.207906292000075)",Unfall 2206 (2021) Kat:3, Licht: 2,2206,3,5,1,01,17,5,,2,0,1,0,0
"POINT (9.753428645000042 52.390353588000039)",Unfall 2207 (2021) Kat:3, Licht: 0,2207,3,2,5,01,12,6,,0,0,1,0,0
"POINT (9.597540430000038 52.418302597000036)",Unfall 2208 (2021) Kat:3, Licht: 2,2208,3,7,0,01,21,3,,2,1,0,0,0
"POINT (9.721757626000056 52.371554358000026)",Unfall 2209 (2021) Kat:3, Licht: 2,2209,3,7,0,01,20,1,,2,1,0,0,0
"POINT (9.687736399000073 52.366322556000057)",Unfall 2210 (2021) Kat:3, Licht: 0,2210,3,5,4,01,08,5,,0,1,0,0,0
"POINT (9.736081644000024 52.436323528000059)",Unfall 2211 (2021) Kat:3, Licht: 2,2211,3,1,0,01,18,7,,2,1,0,0,0