WKT,Name,OBJECTID,UKATEGORIE,UTYP1,UART,UMONAT,USTUNDE,UWOCHENTAG,STRZUSTAND,ULICHTVERH,ISTRAD,ISTPKW,ISTFUSS,ISTKRAD
"POINT (9.753958537000074 52.395500127000048)",Unfall 2212 (2021) Kat:3, Licht: 0,2212,3,2,3,01,15,4,,0,1,1,0,0
"POINT (9.692293164000034 52.398136742000077)",Unfall 2213 (2021) Kat:3, Licht: 0,2213,3,3,5,01,08,5,,0,1,1,0,0
"POINT (9.667588148000050 52.341089891000081)",Unfall 2214 (2021) Kat:3, Licht: 0,2214,3,6,2,02,14,5,,0,0,1,0,0
"POINT (9.705189808000057 52.374234530000081)",Unfall 2215 (2021) Kat:3, Licht: 0,2215,3,7,0,01,10,4,,0,1,0,0,0
"POINT (9.797535188000040 52.399483295000039)",Unfall 2216 (2021) Kat:3, Licht: 0,2216,3,1,0,01,08,4,,0,1,0,0,0
"POINT (9.747213455000065 52.363486536000039)",Unfall 2217 (2021) Kat:3, Licht: 1,2217,3,6,6,02,17,5,,1,0,1,1,0
"POINT (9.756791578000048 52.364975554000068)",Unfall 2218 (2021) Kat:3, Licht: 2,2218,3,3,5,01,17,4,,2,1,1,0,0
"POINT (9.791913298000054 52.403211177000060)",Unfall 2219 (2021) Kat:3, Licht: 0,2219,3,2,2,01,14,4,,0,0,1,0,0
"POINT (9.766396493000059 52.355947956000080)",Unfall 2220 (2021) Kat:3, Licht: 0,2220,3,6,6,01,13,5,,0,0,1,1,0
"POINT (9.581464803000074 52.276519460000031)",Unfall 2221 (2021) Kat:3, Licht: 0,2221,3,3,5,01,08,2,,0,0,1,0,0
"POINT (9.526203069000076 52.455873908000058)",Unfall 2222 (2021) Kat:2, Licht: 0,2222,2,7,9,01,15,5,,0,1,0,0,0
"POINT (9.747010648000071 52.379827857000066)",Unfall 2223 (2021) Kat:3, Licht: 0,2223,3,7,1,02,12,4,,0,0,1,0,0
"POINT (9.750830689000054 52.375425318000055)",Unfall 2224 (2021) Kat:3, Licht: 0,2224,3,1,0,01,12,6,,0,1,0,0,0
"POINT (9.708433385000035 52.420824176000053)",Unfall 2225 (2021) Kat:3, Licht: 2,2225,3,2,5,01,05,3,,2,0,1,0,0
"POINT (9.707596155000033 52.370256328000039)",Unfall 2226 (2021) Kat:3, Licht: 1,2226,3,6,2,01,17,3,,1,0,1,0,0
"POINT (9.964827375000027 52.387327835000065)",Unfall 2227 (2021) Kat:3, Licht: 2,2227,3,1,8,01,20,4,,2,0,1,0,0
"POINT (9.709421724000038 52.343903111000031)",Unfall 2228 (2021) Kat:3, Licht: 0,2228,3,3,5,01,12,3,,0,0,1,0,0
"POINT (9.708500390000040 52.366959525000027)",Unfall 2229 (2021) Kat:3, Licht: 0,2229,3,5,1,02,12,3,,0,0,0,0,0
"POINT (9.720393999000066 52.397393557000044)",Unfall 2230 (2021) Kat:3, Licht: 2,2230,3,3,5,01,17,2,,2,0,1,0,0
"POINT (9.802663718000076 52.305960359000039)",Unfall 2231 (2021) Kat:3, Licht: 0,2231,3,2,0,01,15,5,,0,1,1,0,0
"POINT (9.711266475000059 52.372076783000068)",Unfall 2232 (2021) Kat:3, Licht: 2,2232,3,7,0,01,18,4,,2,1,0,0,0
"POINT (9.747769208000022 52.361597959000051)",Unfall 2233 (2021) Kat:3, Licht: 0,2233,3,3,5,01,16,2,,0,1,0,0,0
"POINT (9.855278335000037 52.392312171000071)",Unfall 2234 (2021) Kat:3, Licht: 2,2234,3,2,6,01,16,4,,2,0,1,1,0
"POINT (9.662421674000029 52.335944526000048)",Unfall 2235 (2021) Kat:2, Licht: 0,2235,2,1,0,02,11,3,,0,1,0,0,0
"POINT (9.733715550000056 52.399707486000068)",Unfall 2236 (2021) Kat:3, Licht: 2,2236,3,3,5,01,17,2,,2,1,1,0,0
"POINT (9.750389603000031 52.375233305000052)",Unfall 2237 (2021) Kat:3, Licht: 0,2237,3,6,2,02,11,5,,0,0,1,0,0
"POINT (9.786644528000068 52.375841811000043)",Unfall 2238 (2021) Kat:3, Licht: 0,2238,3,5,1,01,15,6,,0,1,1,0,0
"POINT (9.696848690000024 52.341563845000053)",Unfall 2239 (2021) Kat:3, Licht: 2,2239,3,6,2,01,21,4,,2,0,1,0,0
"POINT (9.444168999000055 52.422797180000032)",Unfall 2240 (2021) Kat:3, Licht: 2,2240,3,7,0,01,06,2,,2,1,0,0,0
"POINT (9.720856680000054 52.346612924000056)",Unfall 2241 (2021) Kat:3, Licht: 0,2241,3,7,6,01,16,5,,0,0,1,1,0
"POINT (9.743620378000060 52.369611802000065)",Unfall 2242 (2021) Kat:3, Licht: 1,2242,3,6,2,02,18,5,,1,0,1,0,0
"POINT (9.763481486000046 52.368826067000043)",Unfall 2243 (2021) Kat:3, Licht: 0,2243,3,2,5,01,12,3,,0,1,0,0,0
"POINT (9.705046665000054 52.373736031000078)",Unfall 2244 (2021) Kat:3, Licht: 2,2244,3,6,6,02,18,4,,2,0,1,1,0
"POINT (9.988049294000064 52.462563913000054)",Unfall 2245 (2021) Kat:3, Licht: 0,2245,3,1,8,01,11,1,,0,0,1,0,0
"POINT (9.741727724000043 52.398598960000072)",Unfall 2246 (2021) Kat:3, Licht: 0,2246,3,2,5,01,14,6,,0,1,1,0,0
"POINT (9.810552710000024 52.359794556000054)",Unfall 2247 (2021) Kat:3, Licht: 0,2247,3,7,5,01,08,6,,0,0,1,0,0
"POINT (9.730571314000031 52.378511524000032)",Unfall 2248 (2021) Kat:3, Licht: 0,2248,3,2,5,01,09,6,,0,1,1,0,0
"POINT (9.706840753000051 52.407831929000054)",Unfall 2249 (2021) Kat:3, Licht: 1,2249,3,3,5,01,07,4,,1,0,1,0,0
"POINT (9.589703022000037 52.418801727000073)",Unfall 2250 (2021) Kat:3, Licht: 0,2250,3,2,2,01,12,6,,0,0,1,0,0
"POINT (9.781063028000062 52.400297954000052)",Unfall 2251 (2021) Kat:3, Licht: 2,2251,3,2,2,01,17,5,,2,0,1,0,0
"POINT (9.717692496000041 52.430313774000069)",Unfall 2252 (2021) Kat:3, Licht: 0,2252,3,3,5,01,14,3,,0,1,1,0,0
"POINT (9.730964853000046 52.378504561000057)",Unfall 2253 (2021) Kat:2, Licht: 0,2253,2,2,5,01,08,6,,0,1,1,0,0
"POINT (10.020893113000056 52.436746437000068)",Unfall 2254 (2021) Kat:3, Licht: 0,2254,3,6,2,01,15,4,,0,0,1,0,0
"POINT (9.841715028000067 52.436744446000034)",Unfall 2255 (2021) Kat:3, Licht: 0,2255,3,3,5,01,11,6,,0,0,1,0,0
"POINT (9.725249061000056 52.376927256000045)",Unfall 2256 (2021) Kat:3, Licht: 0,2256,3,2,5,01,08,4,,0,1,1,0,0
"POINT (9.556111223000073 52.323576001000049)",Unfall 2257 (2021) Kat:2, Licht: 1,2257,2,7,6,01,08,5,,1,0,1,1,0
"POINT (9.825886872000069 52.285844967000060)",Unfall 2258 (2021) Kat:3, Licht: 0,2258,3,7,0,02,16,5,,0,0,1,0,0
"POINT (9.716639662000034 52.422414054000058)",Unfall 2259 (2021) Kat:3, Licht: 0,2259,3,7,0,02,12,7,,0,0,0,0,0
"POINT (9.710327276000044 52.367303255000081)",Unfall 2260 (2021) Kat:3, Licht: 0,2260,3,1,0,04,17,5,,0,1,0,0,0
"POINT (9.756661997000037 52.338695801000028)",Unfall 2261 (2021) Kat:3, Licht: 0,2261,3,6,2,02,15,5,,0,1,1,0,0
"POINT (9.740991802000053 52.360627012000066)",Unfall 2262 (2021) Kat:3, Licht: 0,2262,3,1,0,03,16,4,,0,0,0,0,0
"POINT (9.725531796000041 52.397841166000035)",Unfall 2263 (2021) Kat:3, Licht: 0,2263,3,1,8,03,16,3,,0,1,0,0,0
"POINT (9.715998021000075 52.378212065000071)",Unfall 2264 (2021) Kat:3, Licht: 2,2264,3,1,0,02,03,4,,2,0,0,0,0
"POINT (9.661639223000066 52.242079357000080)",Unfall 2265 (2021) Kat:3, Licht: 0,2265,3,7,0,03,12,5,,0,1,0,0,0
"POINT (9.711735773000044 52.360590347000027)",Unfall 2266 (2021) Kat:3, Licht: 1,2266,3,7,8,04,05,6,,1,0,1,0,0
"POINT (9.821157169000060 52.346093833000054)",Unfall 2267 (2021) Kat:3, Licht: 1,2267,3,1,0,04,19,6,,1,1,0,0,0
"POINT (9.610437407000063 52.416234862000067)",Unfall 2268 (2021) Kat:3, Licht: 0,2268,3,4,6,04,14,5,,0,0,0,1,0
"POINT (9.663589946000059 52.317858309000030)",Unfall 2269 (2021) Kat:3, Licht: 0,2269,3,5,1,03,15,5,,0,1,0,0,0
"POINT (9.733800601000041 52.399044639000067)",Unfall 2270 (2021) Kat:3, Licht: 0,2270,3,2,5,04,15,2,,0,0,1,0,0
"POINT (9.745539656000062 52.382807920000062)",Unfall 2271 (2021) Kat:3, Licht: 0,2271,3,7,0,04,13,3,,0,1,0,0,0
"POINT (9.766215402000057 52.367329038000037)",Unfall 2272 (2021) Kat:3, Licht: 0,2272,3,6,3,03,08,2,,0,0,1,0,1
"POINT (9.763563937000072 52.399992766000082)",Unfall 2273 (2021) Kat:3, Licht: 0,2273,3,5,0,03,12,5,,0,1,1,0,0
"POINT (9.705843396000034 52.390745309000067)",Unfall 2274 (2021) Kat:3, Licht: 0,2274,3,2,4,03,08,4,,0,1,1,0,0
"POINT (9.663813049000055 52.377289214000029)",Unfall 2275 (2021) Kat:3, Licht: 2,2275,3,4,6,03,22,5,,2,0,1,1,0
"POINT (9.751889730000073 52.392659530000060)",Unfall 2276 (2021) Kat:3, Licht: 0,2276,3,2,0,04,10,6,,0,1,1,0,0
"POINT (9.563532597000062 52.276027001000045)",Unfall 2277 (2021) Kat:3, Licht: 0,2277,3,3,5,03,08,2,,0,0,1,0,0
"POINT (9.815108391000024 52.399249031000068)",Unfall 2278 (2021) Kat:3, Licht: 0,2278,3,2,3,03,15,4,,0,1,1,0,0
"POINT (9.727496303000066 52.377736509000044)",Unfall 2279 (2021) Kat:3, Licht: 1,2279,3,3,5,02,19,4,,1,1,1,0,0
"POINT (9.456270208000035 52.305820941000036)",Unfall 2280 (2021) Kat:3, Licht: 0,2280,3,7,6,03,16,3,,0,0,1,1,0
"POINT (9.586422287000062 52.422358687000042)",Unfall 2281 (2021) Kat:3, Licht: 0,2281,3,3,5,02,06,6,,0,0,1,0,0
"POINT (9.652113655000051 52.317861191000077)",Unfall 2282 (2021) Kat:3, Licht: 0,2282,3,7,0,03,10,2,,0,1,0,0,0
"POINT (9.743521094000073 52.357318888000066)",Unfall 2283 (2021) Kat:3, Licht: 1,2283,3,6,6,02,18,3,,1,1,0,1,0
"POINT (9.702718028000049 52.339935825000055)",Unfall 2284 (2021) Kat:3, Licht: 0,2284,3,1,0,02,15,6,,0,1,0,0,0
"POINT (9.763640449000036 52.399489543000072)",Unfall 2285 (2021) Kat:3, Licht: 0,2285,3,4,6,03,17,2,,0,0,1,1,0
"POINT (9.744719864000047 52.454599389000066)",Unfall 2286 (2021) Kat:3, Licht: 0,2286,3,7,0,04,12,1,,0,1,0,0,0
"POINT (9.759976991000030 52.365839396000069)",Unfall 2287 (2021) Kat:3, Licht: 0,2287,3,3,5,03,17,4,,0,1,1,0,0
"POINT (9.746237116000032 52.361734987000034)",Unfall 2288 (2021) Kat:3, Licht: 0,2288,3,7,0,02,08,6,,0,0,0,0,1
"POINT (9.461727311000061 52.306767154000056)",Unfall 2289 (2021) Kat:3, Licht: 0,2289,3,3,5,04,08,5,,0,1,1,0,0
"POINT (9.732003823000070 52.475758353000060)",Unfall 2290 (2021) Kat:3, Licht: 0,2290,3,2,6,03,16,3,,0,0,1,1,0
"POINT (9.749673969000071 52.349897296000051)",Unfall 2291 (2021) Kat:3, Licht: 0,2291,3,6,2,02,17,1,,0,0,1,0,1
"POINT (9.799750566000057 52.336005371000056)",Unfall 2292 (2021) Kat:3, Licht: 0,2292,3,1,8,03,14,4,,0,1,0,0,0
"POINT (9.731904719000056 52.375395952000076)",Unfall 2293 (2021) Kat:3, Licht: 0,2293,3,4,6,03,14,5,,0,0,1,1,0
"POINT (9.750547644000051 52.375300249000077)",Unfall 2294 (2021) Kat:3, Licht: 2,2294,3,2,5,03,18,7,,2,1,1,0,0
"POINT (9.724333347000027 52.436302475000048)",Unfall 2295 (2021) Kat:3, Licht: 0,2295,3,2,5,02,14,2,,0,1,1,0,0
"POINT (9.707618219000040 52.368391357000064)",Unfall 2296 (2021) Kat:3, Licht: 0,2296,3,3,5,04,19,5,,0,1,0,0,0
"POINT (9.721814755000025 52.353367120000030)",Unfall 2297 (2021) Kat:3, Licht: 0,2297,3,4,6,03,16,6,,0,0,1,1,0
"POINT (9.741119397000034 52.522970762000057)",Unfall 2298 (2021) Kat:3, Licht: 0,2298,3,2,5,02,17,5,,0,0,1,0,1
"POINT (9.757525933000068 52.392611356000032)",Unfall 2299 (2021) Kat:3, Licht: 0,2299,3,6,2,02,15,6,,0,0,1,0,1
"POINT (9.694178743000066 52.403434570000059)",Unfall 2300 (2021) Kat:3, Licht: 0,2300,3,3,5,04,18,2,,0,0,1,0,0
"POINT (9.724878707000073 52.387975067000070)",Unfall 2301 (2021) Kat:3, Licht: 0,2301,3,4,6,02,11,4,,0,0,1,1,0
"POINT (9.695915660000026 52.409446164000030)",Unfall 2302 (2021) Kat:3, Licht: 0,2302,3,6,2,04,13,7,,0,0,1,0,0
"POINT (9.987655609000058 52.391371178000043)",Unfall 2303 (2021) Kat:3, Licht: 0,2303,3,7,8,03,07,2,,0,0,1,0,0
"POINT (9.792885777000038 52.376743304000058)",Unfall 2304 (2021) Kat:2, Licht: 0,2304,2,3,0,04,15,6,,0,1,1,0,0
"POINT (9.731091610000021 52.373342889000071)",Unfall 2305 (2021) Kat:3, Licht: 0,2305,3,4,6,02,17,3,,0,1,0,1,0
"POINT (9.963539770000068 52.361791927000070)",Unfall 2306 (2021) Kat:3, Licht: 2,2306,3,5,1,03,22,7,,2,1,1,0,0
"POINT (9.854323189000070 52.491883888000075)",Unfall 2307 (2021) Kat:3, Licht: 2,2307,3,4,6,03,20,3,,2,0,0,1,0
"POINT (9.675828623000029 52.470910761000027)",Unfall 2308 (2021) Kat:3, Licht: 2,2308,3,1,0,03,02,1,,2,1,0,0,0
"POINT (9.753828460000022 52.440020572000037)",Unfall 2309 (2021) Kat:3, Licht: 0,2309,3,6,2,03,12,2,,0,0,1,0,0
"POINT (9.705202310000061 52.409830648000082)",Unfall 2310 (2021) Kat:3, Licht: 0,2310,3,3,5,04,11,3,,0,1,0,0,0
"POINT (9.609332397000060 52.442743241000073)",Unfall 2311 (2021) Kat:3, Licht: 0,2311,3,3,5,03,17,4,,0,1,1,0,0
"POINT (9.723449081000069 52.371436468000070)",Unfall 2312 (2021) Kat:3, Licht: 0,2312,3,6,2,03,13,2,,0,0,1,0,0
"POINT (9.741450092000036 52.398640628000066)",Unfall 2313 (2021) Kat:3, Licht: 0,2313,3,6,2,03,15,5,,0,0,1,0,0
"POINT (9.476761999000075 52.427293204000080)",Unfall 2314 (2021) Kat:3, Licht: 0,2314,3,5,1,03,18,5,,0,1,1,0,0
"POINT (9.609315884000068 52.442741233000049)",Unfall 2315 (2021) Kat:3, Licht: 2,2315,3,4,6,03,19,2,,2,0,1,1,0
"POINT (9.722261809000031 52.346794394000028)",Unfall 2316 (2021) Kat:3, Licht: 0,2316,3,5,1,02,13,7,,0,1,1,0,0
"POINT (10.020462234000036 52.440217617000030)",Unfall 2317 (2021) Kat:2, Licht: 2,2317,2,1,0,04,21,1,,2,1,0,0,0
"POINT (9.882759643000043 52.425903550000044)",Unfall 2318 (2021) Kat:3, Licht: 0,2318,3,6,3,03,17,4,,0,0,1,0,0
"POINT (9.747803968000028 52.385504272000048)",Unfall 2319 (2021) Kat:3, Licht: 0,2319,3,4,6,03,14,4,,0,1,0,1,0
"POINT (9.740395473000035 52.374145839000050)",Unfall 2320 (2021) Kat:3, Licht: 2,2320,3,3,5,03,20,7,,2,1,0,0,0
"POINT (9.661380464000047 52.377248812000062)",Unfall 2321 (2021) Kat:2, Licht: 0,2321,2,1,0,04,10,5,,0,1,0,0,0
"POINT (9.718264187000045 52.436424409000040)",Unfall 2322 (2021) Kat:3, Licht: 0,2322,3,2,5,03,09,6,,0,0,1,0,0
"POINT (9.724563080000053 52.451902627000038)",Unfall 2323 (2021) Kat:3, Licht: 0,2323,3,3,5,03,08,4,,0,1,1,0,0
"POINT (9.581492637000053 52.276498944000082)",Unfall 2324 (2021) Kat:3, Licht: 0,2324,3,3,5,03,09,5,,0,0,1,0,0
"POINT (9.691707621000035 52.331135086000074)",Unfall 2325 (2021) Kat:3, Licht: 0,2325,3,6,6,03,10,4,,0,0,1,1,0
"POINT (9.781481872000029 52.424502073000042)",Unfall 2326 (2021) Kat:3, Licht: 0,2326,3,2,5,03,13,2,,0,0,1,0,0
"POINT (9.707162522000033 52.373586608000039)",Unfall 2327 (2021) Kat:3, Licht: 2,2327,3,3,5,03,18,2,,2,1,0,0,0
"POINT (9.594987602000060 52.312896748000071)",Unfall 2328 (2021) Kat:3, Licht: 0,2328,3,7,0,04,13,4,,0,1,0,0,0
"POINT (9.709189703000050 52.341931551000073)",Unfall 2329 (2021) Kat:3, Licht: 2,2329,3,2,5,03,21,6,,2,0,1,0,0
"POINT (9.815714680000042 52.292134309000062)",Unfall 2330 (2021) Kat:3, Licht: 0,2330,3,3,5,02,14,3,,0,1,1,0,0
"POINT (9.760511414000064 52.394228522000049)",Unfall 2331 (2021) Kat:3, Licht: 0,2331,3,5,3,02,16,4,,0,1,1,0,0
"POINT (9.401354254000069 52.333267374000059)",Unfall 2332 (2021) Kat:3, Licht: 2,2332,3,1,9,02,19,1,,2,0,1,0,0
"POINT (9.852822858000025 52.362816129000066)",Unfall 2333 (2021) Kat:3, Licht: 0,2333,3,1,1,04,15,6,,0,0,1,0,0
"POINT (9.673611128000061 52.421613552000053)",Unfall 2334 (2021) Kat:3, Licht: 0,2334,3,3,5,02,16,5,,0,0,1,0,0
"POINT (9.678632982000067 52.365824608000082)",Unfall 2335 (2021) Kat:3, Licht: 2,2335,3,1,0,04,22,6,,2,1,0,0,0
"POINT (9.737569515000075 52.444140350000055)",Unfall 2336 (2021) Kat:3, Licht: 0,2336,3,2,5,03,14,3,,0,0,1,1,0
"POINT (9.753255307000074 52.391748337000081)",Unfall 2337 (2021) Kat:3, Licht: 0,2337,3,5,1,04,16,2,,0,1,1,0,0
"POINT (9.809936351000033 52.386475532000077)",Unfall 2338 (2021) Kat:3, Licht: 0,2338,3,3,5,04,15,5,,0,0,1,0,1
"POINT (9.718345773000067 52.374575692000064)",Unfall 2339 (2021) Kat:3, Licht: 0,2339,3,7,0,03,16,4,,0,1,0,0,0
"POINT (9.758215471000028 52.361379653000029)",Unfall 2340 (2021) Kat:3, Licht: 0,2340,3,3,5,03,11,2,,0,1,1,0,0
"POINT (9.722093325000060 52.435535699000070)",Unfall 2341 (2021) Kat:3, Licht: 0,2341,3,3,5,02,11,4,,0,1,1,0,0
"POINT (9.484320433000050 52.426347181000040)",Unfall 2342 (2021) Kat:3, Licht: 2,2342,3,7,4,02,19,7,,2,0,1,0,0
"POINT (9.989367290000075 52.455060670000080)",Unfall 2343 (2021) Kat:3, Licht: 0,2343,3,7,1,04,19,4,,0,0,1,0,0
"POINT (9.825619238000058 52.360817183000052)",Unfall 2344 (2021) Kat:3, Licht: 0,2344,3,7,0,03,15,6,,0,1,0,0,0
"POINT (9.720786102000034 52.335813307000080)",Unfall 2345 (2021) Kat:3, Licht: 0,2345,3,1,0,02,10,5,,0,1,0,0,0
"POINT (9.701388351000048 52.396271126000045)",Unfall 2346 (2021) Kat:3, Licht: 0,2346,3,3,5,04,17,3,,0,1,1,0,0
"POINT (9.768025288000047 52.382848249000062)",Unfall 2347 (2021) Kat:3, Licht: 0,2347,3,3,5,04,17,3,,0,1,1,0,0
"POINT (9.573083695000037 52.440092355000047)",Unfall 2348 (2021) Kat:3, Licht: 0,2348,3,3,5,03,16,5,,0,1,1,0,0
"POINT (9.759186950000071 52.524823072000061)",Unfall 2349 (2021) Kat:3, Licht: 0,2349,3,1,0,03,17,7,,0,1,0,0,0
"POINT (9.766237751000062 52.359233740000036)",Unfall 2350 (2021) Kat:3, Licht: 0,2350,3,5,1,04,16,6,,0,0,1,0,1
"POINT (9.759461618000046 52.359130040000082)",Unfall 2351 (2021) Kat:3, Licht: 0,2351,3,4,0,04,08,5,,0,1,0,1,0
"POINT (9.756293362000065 52.390602212000033)",Unfall 2352 (2021) Kat:3, Licht: 1,2352,3,6,2,03,18,2,,1,0,1,0,0
"POINT (9.740405787000043 52.401794535000079)",Unfall 2353 (2021) Kat:3, Licht: 0,2353,3,3,5,03,10,3,,0,1,1,0,0
"POINT (9.725690253000039 52.349907415000075)",Unfall 2354 (2021) Kat:3, Licht: 0,2354,3,7,0,02,17,5,,0,1,0,0,0
"POINT (9.793738684000061 52.320867280000073)",Unfall 2355 (2021) Kat:3, Licht: 0,2355,3,3,5,04,11,7,,0,1,0,0,0
"POINT (9.748711518000050 52.374449108000078)",Unfall 2356 (2021) Kat:3, Licht: 0,2356,3,2,2,03,08,3,,0,0,1,0,0
"POINT (9.726839792000021 52.352185669000050)",Unfall 2357 (2021) Kat:3, Licht: 1,2357,3,6,6,02,19,3,,1,1,0,1,0
"POINT (9.792479059000073 52.317637628000057)",Unfall 2358 (2021) Kat:3, Licht: 0,2358,3,3,5,03,08,2,,0,0,1,0,0
"POINT (9.741220035000026 52.375458347000063)",Unfall 2359 (2021) Kat:3, Licht: 2,2359,3,1,0,02,05,6,,2,1,0,0,0
"POINT (9.546498213000064 52.213562216000071)",Unfall 2360 (2021) Kat:3, Licht: 0,2360,3,3,5,02,15,2,,0,1,1,0,0
"POINT (9.850176593000072 52.433961502000045)",Unfall 2361 (2021) Kat:3, Licht: 0,2361,3,5,1,04,11,7,,0,1,0,0,0
"POINT (9.758278469000061 52.396014309000066)",Unfall 2362 (2021) Kat:2, Licht: 2,2362,2,1,0,03,20,7,,2,1,0,0,0
"POINT (9.747195411000064 52.353165133000061)",Unfall 2363 (2021) Kat:3, Licht: 0,2363,3,2,5,02,16,7,,0,0,1,0,1
"POINT (9.741798984000070 52.398558945000048)",Unfall 2364 (2021) Kat:2, Licht: 0,2364,2,2,5,03,14,4,,0,1,1,0,0
"POINT (9.698068362000072 52.433485730000029)",Unfall 2365 (2021) Kat:2, Licht: 0,2365,2,7,0,03,15,5,,0,1,0,0,0
"POINT (9.726252546000069 52.545997399000044)",Unfall 2366 (2021) Kat:3, Licht: 1,2366,3,3,5,04,20,4,,1,1,1,0,0
"POINT (9.781419902000039 52.409852600000079)",Unfall 2367 (2021) Kat:3, Licht: 0,2367,3,6,2,03,14,6,,0,0,1,0,0
"POINT (9.745149028000071 52.372558125000069)",Unfall 2368 (2021) Kat:3, Licht: 0,2368,3,6,2,03,15,4,,0,0,1,0,0
"POINT (9.964120177000041 52.368461680000053)",Unfall 2369 (2021) Kat:3, Licht: 1,2369,3,1,0,03,18,4,,1,1,0,0,0
"POINT (9.790105833000041 52.410435877000054)",Unfall 2370 (2021) Kat:3, Licht: 2,2370,3,2,6,03,18,2,,2,0,1,1,0
"POINT (9.706285489000038 52.371222943000078)",Unfall 2371 (2021) Kat:3, Licht: 0,2371,3,7,6,02,12,6,,0,0,1,1,0
"POINT (9.517381967000063 52.165390395000031)",Unfall 2372 (2021) Kat:2, Licht: 0,2372,2,7,0,04,12,2,,0,0,1,0,0
"POINT (9.714444948000050 52.369125485000040)",Unfall 2373 (2021) Kat:3, Licht: 0,2373,3,3,5,03,10,3,,0,1,1,0,0
"POINT (9.746898491000024 52.387133497000036)",Unfall 2374 (2021) Kat:3, Licht: 0,2374,3,5,1,02,15,5,,0,1,1,0,0
"POINT (10.021378036000044 52.438466694000056)",Unfall 2375 (2021) Kat:3, Licht: 0,2375,3,7,6,02,12,4,,0,0,1,1,0
"POINT (9.729164570000023 52.374550017000047)",Unfall 2376 (2021) Kat:3, Licht: 0,2376,3,5,3,04,12,7,,0,1,1,0,0
"POINT (9.774499399000035 52.398302519000026)",Unfall 2377 (2021) Kat:3, Licht: 1,2377,3,1,0,03,06,2,,1,1,0,0,0
"POINT (9.735764868000047 52.427935762000061)",Unfall 2378 (2021) Kat:3, Licht: 0,2378,3,7,0,04,08,7,,0,0,0,0,1
"POINT (9.791813623000053 52.403179332000036)",Unfall 2379 (2021) Kat:3, Licht: 0,2379,3,6,2,03,16,3,,0,0,1,0,0
"POINT (9.964084253000067 52.315163809000069)",Unfall 2380 (2021) Kat:3, Licht: 0,2380,3,3,5,04,11,5,,0,1,1,0,0
"POINT (9.663809994000076 52.377395111000055)",Unfall 2381 (2021) Kat:3, Licht: 1,2381,3,2,4,02,06,5,,1,1,1,0,0
"POINT (9.690560870000070 52.399617639000041)",Unfall 2382 (2021) Kat:3, Licht: 0,2382,3,5,1,02,15,7,,0,1,1,0,0
"POINT (9.681905593000067 52.357680193000078)",Unfall 2383 (2021) Kat:3, Licht: 0,2383,3,3,5,04,16,6,,0,1,1,0,0
"POINT (9.717971583000065 52.361945068000068)",Unfall 2384 (2021) Kat:3, Licht: 0,2384,3,2,5,04,10,5,,0,1,0,0,0
"POINT (9.747766513000045 52.359241593000036)",Unfall 2385 (2021) Kat:3, Licht: 0,2385,3,3,5,03,14,2,,0,0,1,0,1
"POINT (9.461055730000055 52.422303601000067)",Unfall 2386 (2021) Kat:3, Licht: 0,2386,3,2,5,03,08,4,,0,1,1,0,0
"POINT (9.671649510000066 52.355701704000069)",Unfall 2387 (2021) Kat:3, Licht: 0,2387,3,2,5,04,16,4,,0,1,1,0,0
"POINT (9.689889535000077 52.392573207000055)",Unfall 2388 (2021) Kat:3, Licht: 0,2388,3,3,5,03,17,6,,0,1,1,0,0
"POINT (9.782529257000022 52.373243278000075)",Unfall 2389 (2021) Kat:3, Licht: 0,2389,3,3,5,03,16,2,,0,1,1,0,0
"POINT (9.792265503000067 52.326867196000080)",Unfall 2390 (2021) Kat:3, Licht: 0,2390,3,1,0,03,16,2,,0,1,0,0,0
"POINT (9.427734363000070 52.431085630000041)",Unfall 2391 (2021) Kat:3, Licht: 0,2391,3,3,0,03,17,4,,0,0,1,0,0
"POINT (9.705857750000064 52.390753429000029)",Unfall 2392 (2021) Kat:3, Licht: 0,2392,3,3,5,03,10,7,,0,1,1,0,0
"POINT (9.460264243000040 52.375462719000041)",Unfall 2393 (2021) Kat:3, Licht: 2,2393,3,7,0,04,22,1,,2,0,1,0,0
"POINT (9.877784652000059 52.284942017000049)",Unfall 2394 (2021) Kat:3, Licht: 0,2394,3,1,8,03,09,4,,0,1,0,0,0