WKT,Name,OBJECTID,UKATEGORIE,UTYP1,UART,UMONAT,USTUNDE,UWOCHENTAG,STRZUSTAND,ULICHTVERH,ISTRAD,ISTPKW,ISTFUSS,ISTKRAD
"POINT (9.727515565000033 52.350141228000041)",Unfall 2761 (2021) Kat:3, Licht: 0,2761,3,2,3,06,08,4,,0,1,0,0,0
"POINT (9.609919720000050 52.425400463000074)",Unfall 2762 (2021) Kat:3, Licht: 0,2762,3,1,9,06,20,1,,0,0,1,0,0
"POINT (9.857168176000073 52.503326726000068)",Unfall 2763 (2021) Kat:3, Licht: 0,2763,3,7,0,06,17,3,,0,1,0,0,0
"POINT (9.591191514000059 52.418628827000077)",Unfall 2764 (2021) Kat:2, Licht: 0,2764,2,6,6,06,19,3,,0,0,0,1,0
"POINT (9.849261986000045 52.562611377000053)",Unfall 2765 (2021) Kat:3, Licht: 0,2765,3,3,5,06,17,4,,0,1,1,0,0
"POINT (9.582550792000063 52.447503052000059)",Unfall 2766 (2021) Kat:3, Licht: 0,2766,3,3,5,06,07,6,,0,1,1,0,0
"POINT (9.812306124000031 52.348451427000043)",Unfall 2767 (2021) Kat:3, Licht: 0,2767,3,3,5,06,08,2,,0,0,1,1,0
"POINT (9.732458062000035 52.550546639000061)",Unfall 2768 (2021) Kat:3, Licht: 0,2768,3,7,6,06,16,3,,0,0,1,1,0
"POINT (9.721766346000038 52.425958491000074)",Unfall 2769 (2021) Kat:3, Licht: 0,2769,3,2,5,06,15,5,,0,1,1,0,0
"POINT (9.737086589000057 52.375987687000077)",Unfall 2770 (2021) Kat:3, Licht: 0,2770,3,1,0,06,14,2,,0,1,1,0,0
"POINT (9.976713292000056 52.378448995000042)",Unfall 2771 (2021) Kat:3, Licht: 0,2771,3,3,5,06,07,4,,0,1,1,0,0
"POINT (9.757374692000042 52.364061859000060)",Unfall 2772 (2021) Kat:3, Licht: 0,2772,3,6,0,06,09,5,,0,1,0,0,0
"POINT (9.680732171000045 52.416120208000052)",Unfall 2773 (2021) Kat:3, Licht: 0,2773,3,3,5,06,15,3,,0,1,1,0,0
"POINT (9.683688198000027 52.408820703000060)",Unfall 2774 (2021) Kat:3, Licht: 0,2774,3,3,5,06,15,2,,0,0,1,0,0
"POINT (9.793185791000042 52.326562679000062)",Unfall 2775 (2021) Kat:2, Licht: 0,2775,2,2,5,06,16,5,,0,1,1,0,0
"POINT (9.745150007000063 52.380869727000061)",Unfall 2776 (2021) Kat:3, Licht: 2,2776,3,1,0,06,01,7,,2,1,0,0,0
"POINT (9.684515624000028 52.395956310000031)",Unfall 2777 (2021) Kat:3, Licht: 0,2777,3,6,2,06,18,5,,0,0,1,0,0
"POINT (9.746475957000030 52.316270959000065)",Unfall 2778 (2021) Kat:2, Licht: 0,2778,2,7,0,06,16,1,,0,1,0,0,0
"POINT (9.728518464000047 52.342393154000035)",Unfall 2779 (2021) Kat:3, Licht: 0,2779,3,2,5,06,11,2,,0,1,1,0,0
"POINT (9.731349054000077 52.375115919000052)",Unfall 2780 (2021) Kat:2, Licht: 0,2780,2,1,0,06,20,1,,0,0,0,0,0
"POINT (9.740837632000023 52.360831189000066)",Unfall 2781 (2021) Kat:3, Licht: 0,2781,3,6,3,06,19,1,,0,0,1,0,0
"POINT (9.718516153000053 52.357537699000034)",Unfall 2782 (2021) Kat:3, Licht: 2,2782,3,5,1,06,22,3,,2,1,1,0,0
"POINT (9.663846855000031 52.415407469000058)",Unfall 2783 (2021) Kat:3, Licht: 0,2783,3,6,2,06,07,2,,0,0,1,0,0
"POINT (9.705428476000066 52.374151875000052)",Unfall 2784 (2021) Kat:3, Licht: 0,2784,3,7,0,06,09,2,,0,1,0,0,0
"POINT (9.466587155000070 52.504786186000047)",Unfall 2785 (2021) Kat:3, Licht: 0,2785,3,7,0,06,13,4,,0,1,0,0,0
"POINT (9.781693187000030 52.415602286000080)",Unfall 2786 (2021) Kat:3, Licht: 0,2786,3,2,5,06,17,6,,0,0,1,0,1
"POINT (9.858926000000054 52.496265806000054)",Unfall 2787 (2021) Kat:3, Licht: 0,2787,3,2,4,06,16,3,,0,0,1,0,0
"POINT (9.823011506000057 52.400516820000064)",Unfall 2788 (2021) Kat:3, Licht: 0,2788,3,3,5,06,16,4,,0,1,1,0,0
"POINT (9.732684236000068 52.388688458000047)",Unfall 2789 (2021) Kat:3, Licht: 0,2789,3,2,5,06,17,3,,0,1,1,0,0
"POINT (9.606259389000058 52.431761639000058)",Unfall 2790 (2021) Kat:3, Licht: 1,2790,3,7,0,06,06,6,,1,1,0,0,0
"POINT (9.732715837000057 52.379250361000061)",Unfall 2791 (2021) Kat:3, Licht: 0,2791,3,2,0,06,16,2,,0,1,1,0,0
"POINT (9.687821121000070 52.344219717000044)",Unfall 2792 (2021) Kat:3, Licht: 2,2792,3,7,0,06,02,3,,2,0,1,0,0
"POINT (9.706154620000063 52.375358887000061)",Unfall 2793 (2021) Kat:3, Licht: 0,2793,3,4,6,07,08,5,,0,1,0,1,0
"POINT (9.431535856000039 52.432082911000066)",Unfall 2794 (2021) Kat:3, Licht: 0,2794,3,3,5,06,15,7,,0,1,0,0,0
"POINT (9.775323815000036 52.400342331000047)",Unfall 2795 (2021) Kat:3, Licht: 0,2795,3,3,5,06,15,7,,0,1,1,0,0
"POINT (9.736189934000038 52.384171390000063)",Unfall 2796 (2021) Kat:3, Licht: 0,2796,3,2,5,06,16,4,,0,1,0,0,0
"POINT (9.483122509000054 52.292253973000072)",Unfall 2797 (2021) Kat:3, Licht: 0,2797,3,7,0,06,15,4,,0,1,0,0,0
"POINT (9.753408224000054 52.382282432000068)",Unfall 2798 (2021) Kat:3, Licht: 0,2798,3,2,5,06,16,1,,0,1,1,0,0
"POINT (9.725000536000039 52.373087924000060)",Unfall 2799 (2021) Kat:2, Licht: 0,2799,2,5,2,06,17,3,,0,1,1,0,0
"POINT (9.669950726000025 52.370444723000048)",Unfall 2800 (2021) Kat:3, Licht: 0,2800,3,3,5,06,08,4,,0,1,1,0,0
"POINT (9.666225515000065 52.355555359000050)",Unfall 2801 (2021) Kat:3, Licht: 0,2801,3,3,5,06,18,6,,0,1,1,0,0
"POINT (9.767445290000069 52.358026845000040)",Unfall 2802 (2021) Kat:3, Licht: 0,2802,3,2,6,06,15,5,,0,0,1,1,0
"POINT (9.727343667000071 52.565461819000063)",Unfall 2803 (2021) Kat:3, Licht: 0,2803,3,6,4,06,12,6,,0,0,1,0,0
"POINT (9.784667838000075 52.353420091000032)",Unfall 2804 (2021) Kat:3, Licht: 0,2804,3,3,5,06,05,7,,0,1,1,0,0
"POINT (9.716007327000057 52.378289705000043)",Unfall 2805 (2021) Kat:3, Licht: 0,2805,3,1,0,06,12,3,,0,1,0,0,0
"POINT (9.734098336000045 52.376681678000068)",Unfall 2806 (2021) Kat:3, Licht: 0,2806,3,1,8,06,17,2,,0,1,0,0,0
"POINT (9.768822535000027 52.377978615000075)",Unfall 2807 (2021) Kat:3, Licht: 0,2807,3,3,5,06,18,5,,0,1,1,0,0
"POINT (9.740488394000067 52.374176506000026)",Unfall 2808 (2021) Kat:3, Licht: 0,2808,3,3,5,06,09,4,,0,1,1,0,0
"POINT (9.810335268000074 52.365108201000055)",Unfall 2809 (2021) Kat:3, Licht: 0,2809,3,6,0,06,11,7,,0,1,1,0,0
"POINT (9.599915656000064 52.415223825000055)",Unfall 2810 (2021) Kat:3, Licht: 0,2810,3,1,0,06,07,2,,0,1,0,0,0
"POINT (9.834269348000021 52.351700175000076)",Unfall 2811 (2021) Kat:3, Licht: 0,2811,3,3,5,06,19,3,,0,0,1,0,1
"POINT (9.720404816000041 52.456228825000039)",Unfall 2812 (2021) Kat:3, Licht: 0,2812,3,7,8,06,19,6,,0,0,1,0,0
"POINT (9.744465059000049 52.388806139000053)",Unfall 2813 (2021) Kat:3, Licht: 0,2813,3,1,0,06,07,6,,0,1,0,0,0
"POINT (9.808655130000034 52.385874974000046)",Unfall 2814 (2021) Kat:3, Licht: 0,2814,3,6,2,06,16,4,,0,0,1,0,0
"POINT (9.819455381000068 52.429299666000077)",Unfall 2815 (2021) Kat:3, Licht: 0,2815,3,7,5,06,14,4,,0,1,1,0,0
"POINT (9.656413874000066 52.407418110000037)",Unfall 2816 (2021) Kat:3, Licht: 0,2816,3,2,5,06,19,2,,0,1,1,0,0
"POINT (9.742649168000071 52.546006515000045)",Unfall 2817 (2021) Kat:3, Licht: 0,2817,3,3,5,06,20,3,,0,0,1,0,0
"POINT (9.714410864000058 52.370249791000049)",Unfall 2818 (2021) Kat:3, Licht: 0,2818,3,3,5,06,16,4,,0,1,0,0,0
"POINT (9.811239741000065 52.359733138000081)",Unfall 2819 (2021) Kat:3, Licht: 0,2819,3,1,1,07,14,5,,0,0,1,0,0
"POINT (9.800839321000069 52.328320696000048)",Unfall 2820 (2021) Kat:3, Licht: 2,2820,3,1,8,06,02,5,,2,0,1,0,0
"POINT (9.467565040000068 52.505168732000072)",Unfall 2821 (2021) Kat:3, Licht: 2,2821,3,1,0,06,00,3,,2,1,0,0,0
"POINT (9.590023444000053 52.434164912000028)",Unfall 2822 (2021) Kat:3, Licht: 0,2822,3,7,0,06,10,4,,0,1,0,0,0
"POINT (9.748800595000034 52.376023444000054)",Unfall 2823 (2021) Kat:3, Licht: 0,2823,3,2,4,06,06,2,,0,1,1,0,0
"POINT (9.763655465000056 52.374143111000080)",Unfall 2824 (2021) Kat:3, Licht: 0,2824,3,5,1,06,19,1,,0,1,1,0,0
"POINT (9.728721136000047 52.394627767000031)",Unfall 2825 (2021) Kat:3, Licht: 0,2825,3,2,5,06,15,1,,0,1,1,0,0
"POINT (9.781018472000028 52.398303935000058)",Unfall 2826 (2021) Kat:3, Licht: 0,2826,3,6,2,06,16,3,,0,0,1,0,0
"POINT (9.468501844000059 52.497551493000060)",Unfall 2827 (2021) Kat:3, Licht: 0,2827,3,7,0,06,17,6,,0,0,1,0,0
"POINT (9.643251230000033 52.415205775000061)",Unfall 2828 (2021) Kat:3, Licht: 0,2828,3,6,2,06,13,2,,0,0,1,0,0
"POINT (9.714357752000069 52.342248247000043)",Unfall 2829 (2021) Kat:3, Licht: 0,2829,3,2,5,06,11,3,,0,0,1,0,0
"POINT (9.703383453000072 52.379441438000072)",Unfall 2830 (2021) Kat:3, Licht: 0,2830,3,7,0,06,16,6,,0,1,0,0,0
"POINT (9.741998596000030 52.359298801000079)",Unfall 2831 (2021) Kat:3, Licht: 0,2831,3,2,5,06,17,5,,0,0,1,0,1
"POINT (9.972284693000063 52.376013968000052)",Unfall 2832 (2021) Kat:3, Licht: 0,2832,3,3,5,06,07,5,,0,1,0,0,0
"POINT (9.466684856000029 52.306070376000037)",Unfall 2833 (2021) Kat:3, Licht: 0,2833,3,3,5,06,11,3,,0,1,1,0,0
"POINT (9.838485566000031 52.497028427000032)",Unfall 2834 (2021) Kat:3, Licht: 0,2834,3,7,0,06,14,6,,0,1,0,0,0
"POINT (9.762926993000065 52.407951151000077)",Unfall 2835 (2021) Kat:3, Licht: 0,2835,3,2,5,06,14,5,,0,1,1,0,0
"POINT (9.680785459000049 52.415740912000047)",Unfall 2836 (2021) Kat:3, Licht: 0,2836,3,5,2,06,13,6,,0,0,1,0,0
"POINT (9.741614445000039 52.411351033000074)",Unfall 2837 (2021) Kat:3, Licht: 0,2837,3,6,2,06,08,4,,0,0,1,0,0
"POINT (10.113119897000047 52.478074011000047)",Unfall 2838 (2021) Kat:3, Licht: 0,2838,3,3,5,06,07,5,,0,0,1,0,0
"POINT (9.765567760000067 52.367591629000060)",Unfall 2839 (2021) Kat:3, Licht: 0,2839,3,6,2,06,13,3,,0,0,1,0,0
"POINT (9.716854809000040 52.336709675000066)",Unfall 2840 (2021) Kat:3, Licht: 0,2840,3,1,7,06,07,4,,0,0,0,0,0
"POINT (9.980697750000047 52.466632191000031)",Unfall 2841 (2021) Kat:3, Licht: 0,2841,3,7,8,06,15,1,,0,0,1,0,0
"POINT (9.430527016000042 52.421487653000042)",Unfall 2842 (2021) Kat:3, Licht: 0,2842,3,3,5,06,10,4,,0,1,1,0,0
"POINT (9.841501030000074 52.302001852000046)",Unfall 2843 (2021) Kat:3, Licht: 0,2843,3,1,0,06,17,4,,0,1,0,0,0
"POINT (9.821252423000033 52.418562037000072)",Unfall 2844 (2021) Kat:3, Licht: 0,2844,3,7,0,06,08,2,,0,1,0,0,0
"POINT (9.728324482000062 52.377869490000080)",Unfall 2845 (2021) Kat:3, Licht: 0,2845,3,3,5,06,18,3,,0,1,1,0,0
"POINT (9.608908035000070 52.407695444000069)",Unfall 2846 (2021) Kat:3, Licht: 0,2846,3,6,2,06,06,4,,0,0,1,0,0
"POINT (9.905888362000042 52.367779557000063)",Unfall 2847 (2021) Kat:3, Licht: 0,2847,3,5,1,06,16,5,,0,0,1,1,0
"POINT (9.748398792000046 52.373531143000037)",Unfall 2848 (2021) Kat:3, Licht: 0,2848,3,1,1,06,19,6,,0,1,1,0,0
"POINT (9.833294863000049 52.387711596000031)",Unfall 2849 (2021) Kat:3, Licht: 2,2849,3,3,5,06,22,2,,2,1,1,0,0
"POINT (9.782548568000038 52.373287255000037)",Unfall 2850 (2021) Kat:3, Licht: 0,2850,3,2,5,06,15,4,,0,1,0,0,0
"POINT (9.653451159000042 52.237661326000079)",Unfall 2851 (2021) Kat:3, Licht: 0,2851,3,3,5,07,15,5,,0,0,1,0,0
"POINT (9.938507415000061 52.342384688000038)",Unfall 2852 (2021) Kat:3, Licht: 0,2852,3,3,0,06,11,3,,0,0,0,0,0
"POINT (9.651750601000060 52.417115362000061)",Unfall 2853 (2021) Kat:3, Licht: 0,2853,3,3,5,06,13,3,,0,0,1,0,1
"POINT (9.819127336000065 52.399915593000060)",Unfall 2854 (2021) Kat:2, Licht: 0,2854,2,3,5,06,11,2,,0,1,1,0,0
"POINT (9.756465578000075 52.341301649000059)",Unfall 2855 (2021) Kat:3, Licht: 0,2855,3,6,4,06,15,7,,0,1,0,0,0
"POINT (9.781018472000028 52.398303935000058)",Unfall 2856 (2021) Kat:3, Licht: 0,2856,3,3,5,06,15,4,,0,0,1,0,0
"POINT (10.005826878000050 52.441719122000052)",Unfall 2857 (2021) Kat:3, Licht: 0,2857,3,7,0,06,12,2,,0,0,0,0,0
"POINT (10.003662359000032 52.316361672000028)",Unfall 2858 (2021) Kat:3, Licht: 0,2858,3,5,1,06,07,2,,0,1,1,0,0
"POINT (9.693764688000044 52.400967331000061)",Unfall 2859 (2021) Kat:3, Licht: 0,2859,3,3,5,06,09,4,,0,1,1,0,0
"POINT (9.749666863000073 52.376594595000029)",Unfall 2860 (2021) Kat:3, Licht: 0,2860,3,6,4,06,18,5,,0,1,0,0,0
"POINT (9.835261678000052 52.425934586000039)",Unfall 2861 (2021) Kat:3, Licht: 0,2861,3,3,5,06,13,2,,0,1,1,0,0
"POINT (9.720313218000058 52.391520829000058)",Unfall 2862 (2021) Kat:3, Licht: 0,2862,3,1,0,06,17,4,,0,1,0,0,0
"POINT (9.815867641000068 52.291990085000066)",Unfall 2863 (2021) Kat:3, Licht: 0,2863,3,4,6,06,14,5,,0,0,1,1,0
"POINT (9.623379593000038 52.428934360000028)",Unfall 2864 (2021) Kat:3, Licht: 0,2864,3,3,5,06,14,4,,0,1,1,0,0
"POINT (9.783720709000022 52.518349532000059)",Unfall 2865 (2021) Kat:2, Licht: 2,2865,2,7,7,06,00,7,,2,1,0,0,0
"POINT (9.567742961000022 52.210599545000036)",Unfall 2866 (2021) Kat:3, Licht: 0,2866,3,3,5,06,17,3,,0,1,1,0,0
"POINT (9.708785514000056 52.370544404000043)",Unfall 2867 (2021) Kat:2, Licht: 0,2867,2,3,5,06,17,4,,0,1,1,0,0
"POINT (9.805060808000064 52.409194364000030)",Unfall 2868 (2021) Kat:3, Licht: 0,2868,3,2,5,06,17,4,,0,1,1,0,0
"POINT (9.859738707000076 52.361234734000050)",Unfall 2869 (2021) Kat:3, Licht: 0,2869,3,1,0,06,13,6,,0,1,0,0,0
"POINT (9.705998366000074 52.340146931000049)",Unfall 2870 (2021) Kat:3, Licht: 0,2870,3,3,5,06,07,3,,0,0,1,0,0
"POINT (9.734037195000042 52.415715217000070)",Unfall 2871 (2021) Kat:3, Licht: 0,2871,3,3,0,06,17,7,,0,1,0,0,0
"POINT (9.815650488000074 52.395889504000081)",Unfall 2872 (2021) Kat:3, Licht: 0,2872,3,3,0,06,16,4,,0,1,1,0,0
"POINT (9.594416777000049 52.421007898000028)",Unfall 2873 (2021) Kat:3, Licht: 0,2873,3,3,5,06,13,2,,0,1,1,0,0
"POINT (9.711017959000060 52.371069757000043)",Unfall 2874 (2021) Kat:3, Licht: 2,2874,3,5,1,06,23,6,,2,1,1,0,0
"POINT (9.700832362000028 52.333762038000032)",Unfall 2875 (2021) Kat:3, Licht: 0,2875,3,5,1,06,13,5,,0,1,1,0,0
"POINT (9.693377170000076 52.391694868000059)",Unfall 2876 (2021) Kat:3, Licht: 0,2876,3,1,0,06,07,4,,0,1,0,0,0
"POINT (10.096641474000023 52.394491844000072)",Unfall 2877 (2021) Kat:3, Licht: 1,2877,3,1,9,06,18,1,,1,0,1,0,0
"POINT (9.750803582000060 52.375648197000032)",Unfall 2878 (2021) Kat:3, Licht: 0,2878,3,6,2,06,13,6,,0,0,1,0,0
"POINT (9.823170393000055 52.415021249000063)",Unfall 2879 (2021) Kat:3, Licht: 2,2879,3,1,0,06,01,6,,2,1,0,0,0
"POINT (9.784244854000065 52.375701555000035)",Unfall 2880 (2021) Kat:3, Licht: 0,2880,3,3,5,06,14,7,,0,1,1,0,0
"POINT (9.856427601000064 52.398825415000033)",Unfall 2881 (2021) Kat:3, Licht: 0,2881,3,2,5,06,09,6,,0,0,1,0,0
"POINT (9.762777123000035 52.356745651000040)",Unfall 2882 (2021) Kat:3, Licht: 0,2882,3,2,4,06,12,2,,0,1,1,0,0
"POINT (9.744240516000048 52.373369920000073)",Unfall 2883 (2021) Kat:3, Licht: 0,2883,3,1,0,06,12,6,,0,1,0,0,0
"POINT (10.009546632000024 52.444505744000026)",Unfall 2884 (2021) Kat:2, Licht: 0,2884,2,2,6,06,12,7,,0,0,1,1,0
"POINT (9.731615919000035 52.402853424000057)",Unfall 2885 (2021) Kat:3, Licht: 0,2885,3,7,0,06,19,3,,0,1,0,0,0
"POINT (9.660343714000021 52.406209617000059)",Unfall 2886 (2021) Kat:3, Licht: 0,2886,3,3,5,06,18,2,,0,0,1,0,1
"POINT (9.605904244000044 52.419733738000048)",Unfall 2887 (2021) Kat:2, Licht: 0,2887,2,3,5,06,10,4,,0,1,1,0,0
"POINT (10.010006533000023 52.447039159000042)",Unfall 2888 (2021) Kat:3, Licht: 0,2888,3,2,6,06,13,3,,0,0,1,1,0
"POINT (9.732595573000026 52.379004369000029)",Unfall 2889 (2021) Kat:3, Licht: 2,2889,3,1,0,06,23,6,,2,0,0,0,1
"POINT (9.822302771000068 52.347066387000041)",Unfall 2890 (2021) Kat:3, Licht: 0,2890,3,7,0,06,10,4,,0,1,1,0,0
"POINT (9.694106349000037 52.402310584000077)",Unfall 2891 (2021) Kat:3, Licht: 0,2891,3,7,7,06,20,6,,0,0,1,0,0
"POINT (9.587700680000069 52.415048778000028)",Unfall 2892 (2021) Kat:3, Licht: 0,2892,3,3,5,06,17,3,,0,1,1,0,0
"POINT (9.436311530000069 52.506282343000066)",Unfall 2893 (2021) Kat:3, Licht: 0,2893,3,7,1,06,14,5,,0,1,1,0,0
"POINT (9.738895356000057 52.363254052000059)",Unfall 2894 (2021) Kat:3, Licht: 0,2894,3,2,5,06,08,3,,0,1,1,0,0
"POINT (9.773419693000051 52.410282836000079)",Unfall 2895 (2021) Kat:3, Licht: 0,2895,3,2,4,06,19,2,,0,0,1,0,0
"POINT (9.804563691000055 52.330590598000072)",Unfall 2896 (2021) Kat:3, Licht: 0,2896,3,2,5,06,16,2,,0,0,1,0,0
"POINT (9.751458995000064 52.375726448000080)",Unfall 2897 (2021) Kat:3, Licht: 0,2897,3,6,2,07,17,5,,0,0,1,0,0
"POINT (9.732727438000040 52.376732344000061)",Unfall 2898 (2021) Kat:3, Licht: 0,2898,3,6,2,06,20,7,,0,0,1,0,0
"POINT (9.771483626000077 52.370875160000026)",Unfall 2899 (2021) Kat:3, Licht: 0,2899,3,6,2,06,17,1,,0,0,1,0,0
"POINT (9.744073323000066 52.365387605000080)",Unfall 2900 (2021) Kat:3, Licht: 0,2900,3,3,5,06,11,2,,0,1,0,0,0
"POINT (9.615024552000023 52.419183546000056)",Unfall 2901 (2021) Kat:3, Licht: 0,2901,3,5,1,06,07,6,,0,0,1,0,0
"POINT (9.753475454000068 52.441532286000040)",Unfall 2902 (2021) Kat:3, Licht: 0,2902,3,3,5,06,09,7,,0,1,1,0,0
"POINT (9.719326311000032 52.341986620000057)",Unfall 2903 (2021) Kat:3, Licht: 0,2903,3,6,2,06,14,7,,0,0,1,0,0
"POINT (9.725184508000041 52.343259830000079)",Unfall 2904 (2021) Kat:3, Licht: 0,2904,3,3,5,06,11,2,,0,0,1,0,0
"POINT (9.750630384000033 52.375513025000032)",Unfall 2905 (2021) Kat:3, Licht: 0,2905,3,6,2,06,12,2,,0,0,1,0,0
"POINT (9.758746914000028 52.264005586000053)",Unfall 2906 (2021) Kat:3, Licht: 0,2906,3,3,5,06,19,6,,0,1,0,0,0
"POINT (9.748849995000057 52.264806357000055)",Unfall 2907 (2021) Kat:2, Licht: 0,2907,2,1,0,06,07,5,,0,1,0,0,0
"POINT (9.756438647000039 52.341627141000060)",Unfall 2908 (2021) Kat:3, Licht: 0,2908,3,2,5,06,17,5,,0,1,1,0,0
"POINT (9.694999510000059 52.438584092000042)",Unfall 2909 (2021) Kat:3, Licht: 0,2909,3,4,6,06,13,1,,0,1,0,1,0
"POINT (9.763328145000060 52.401578853000046)",Unfall 2910 (2021) Kat:3, Licht: 0,2910,3,2,5,06,10,2,,0,1,0,0,0
"POINT (9.791513774000066 52.412381050000079)",Unfall 2911 (2021) Kat:3, Licht: 0,2911,3,4,6,06,13,6,,0,0,1,1,0
"POINT (9.748488443000042 52.411013821000040)",Unfall 2912 (2021) Kat:3, Licht: 0,2912,3,6,2,06,12,7,,0,0,1,0,0
"POINT (9.771921125000063 52.417234183000062)",Unfall 2913 (2021) Kat:3, Licht: 0,2913,3,2,5,06,08,4,,0,0,1,0,0
"POINT (9.735150998000051 52.370173414000078)",Unfall 2914 (2021) Kat:3, Licht: 0,2914,3,7,0,06,19,2,,0,1,0,0,0
"POINT (9.684830779000038 52.395962483000062)",Unfall 2915 (2021) Kat:3, Licht: 0,2915,3,2,5,06,11,6,,0,0,1,0,0
"POINT (9.827773710000031 52.288736109000070)",Unfall 2916 (2021) Kat:3, Licht: 0,2916,3,3,0,06,09,7,,0,1,1,0,0
"POINT (9.693556442000045 52.363252575000047)",Unfall 2917 (2021) Kat:3, Licht: 0,2917,3,3,5,06,10,4,,0,0,1,0,0
"POINT (9.715529222000043 52.386994055000059)",Unfall 2918 (2021) Kat:3, Licht: 1,2918,3,1,0,06,20,5,,1,1,0,0,0
"POINT (9.804573675000029 52.330573768000079)",Unfall 2919 (2021) Kat:3, Licht: 0,2919,3,2,4,06,07,7,,0,0,1,0,0
"POINT (9.585808487000065 52.441450220000036)",Unfall 2920 (2021) Kat:3, Licht: 0,2920,3,7,0,06,07,5,,0,1,0,0,0
"POINT (9.790363339000066 52.411146013000064)",Unfall 2921 (2021) Kat:3, Licht: 0,2921,3,7,0,06,08,3,,0,0,1,0,1
"POINT (9.730899250000050 52.430457298000078)",Unfall 2922 (2021) Kat:3, Licht: 0,2922,3,3,5,06,08,6,,0,1,0,0,0
"POINT (9.825294812000038 52.400000099000067)",Unfall 2923 (2021) Kat:3, Licht: 0,2923,3,2,5,06,14,4,,0,1,1,0,0
"POINT (9.708343465000041 52.384340822000070)",Unfall 2924 (2021) Kat:3, Licht: 2,2924,3,1,0,06,22,6,,2,0,0,0,0
"POINT (9.615470852000044 52.418965506000063)",Unfall 2925 (2021) Kat:3, Licht: 0,2925,3,1,9,07,11,6,,0,0,1,0,0
"POINT (9.772672932000035 52.350688505000051)",Unfall 2926 (2021) Kat:2, Licht: 0,2926,2,6,6,07,18,4,,0,1,0,1,0
"POINT (9.790295423000032 52.383194240000080)",Unfall 2927 (2021) Kat:3, Licht: 0,2927,3,2,5,07,18,5,,0,1,1,0,0
"POINT (9.556522173000076 52.420832578000045)",Unfall 2928 (2021) Kat:3, Licht: 0,2928,3,6,4,07,17,1,,0,1,1,0,0
"POINT (9.796689063000031 52.362515090000045)",Unfall 2929 (2021) Kat:3, Licht: 2,2929,3,1,9,07,23,7,,2,1,0,0,0
"POINT (9.740065223000045 52.421030311000038)",Unfall 2930 (2021) Kat:3, Licht: 0,2930,3,7,0,07,10,4,,0,1,0,0,0
"POINT (9.744234748000054 52.373336677000054)",Unfall 2931 (2021) Kat:3, Licht: 0,2931,3,7,0,07,13,6,,0,1,0,0,0
"POINT (9.610221444000047 52.436316966000049)",Unfall 2932 (2021) Kat:3, Licht: 0,2932,3,3,5,07,17,2,,0,1,1,0,0
"POINT (9.763303533000055 52.395206421000069)",Unfall 2933 (2021) Kat:3, Licht: 0,2933,3,2,6,07,08,5,,0,0,1,1,0
"POINT (9.731778234000046 52.478006849000053)",Unfall 2934 (2021) Kat:3, Licht: 0,2934,3,7,0,07,17,5,,0,1,0,1,0
"POINT (9.755229203000056 52.391348403000052)",Unfall 2935 (2021) Kat:3, Licht: 0,2935,3,2,5,07,15,3,,0,0,1,0,0
"POINT (10.118758897000021 52.481536964000043)",Unfall 2936 (2021) Kat:3, Licht: 2,2936,3,1,0,07,00,2,,2,0,1,0,0
"POINT (9.832589068000061 52.382398956000031)",Unfall 2937 (2021) Kat:3, Licht: 0,2937,3,3,5,07,14,3,,0,1,0,0,0
"POINT (9.770015281000042 52.341566852000028)",Unfall 2938 (2021) Kat:3, Licht: 0,2938,3,2,6,07,18,7,,0,0,1,1,0
"POINT (9.850122510000062 52.564572395000027)",Unfall 2939 (2021) Kat:2, Licht: 0,2939,2,3,5,07,12,5,,0,1,1,0,0
"POINT (9.743820610000057 52.379504784000062)",Unfall 2940 (2021) Kat:3, Licht: 0,2940,3,3,5,07,09,5,,0,1,1,0,0
"POINT (9.714768696000021 52.363911533000078)",Unfall 2941 (2021) Kat:3, Licht: 0,2941,3,5,1,07,12,5,,0,1,1,0,0
"POINT (9.615626543000076 52.418883186000073)",Unfall 2942 (2021) Kat:3, Licht: 0,2942,3,6,2,07,15,2,,0,0,1,0,0