WKT,Name,OBJECTID,UKATEGORIE,UTYP1,UART,UMONAT,USTUNDE,UWOCHENTAG,STRZUSTAND,ULICHTVERH,ISTRAD,ISTPKW,ISTFUSS,ISTKRAD
"POINT (9.747249786000054 52.373708680000050)",Unfall 2943 (2021) Kat:2, Licht: 0,2943,2,2,5,07,16,6,,0,1,1,0,0
"POINT (9.744301197000027 52.373767329000032)",Unfall 2944 (2021) Kat:3, Licht: 0,2944,3,1,0,07,13,4,,0,1,0,0,0
"POINT (9.762614145000043 52.372741108000071)",Unfall 2945 (2021) Kat:3, Licht: 0,2945,3,4,6,07,07,6,,0,1,0,1,0
"POINT (9.769344364000062 52.397016179000047)",Unfall 2946 (2021) Kat:3, Licht: 2,2946,3,1,0,07,23,7,,2,1,0,0,0
"POINT (9.729732969000054 52.369541953000066)",Unfall 2947 (2021) Kat:3, Licht: 0,2947,3,1,0,07,20,6,,0,1,0,0,0
"POINT (10.008248043000037 52.445337360000053)",Unfall 2948 (2021) Kat:3, Licht: 0,2948,3,7,0,07,13,5,,0,1,0,0,0
"POINT (9.763774900000044 52.397244760000035)",Unfall 2949 (2021) Kat:3, Licht: 0,2949,3,6,2,07,12,5,,0,0,1,0,0
"POINT (9.664729681000040 52.381620267000073)",Unfall 2950 (2021) Kat:3, Licht: 0,2950,3,7,0,07,13,6,,0,1,0,0,0
"POINT (9.472706087000063 52.426768328000037)",Unfall 2951 (2021) Kat:3, Licht: 0,2951,3,3,5,07,12,5,,0,1,1,0,0
"POINT (9.702787576000048 52.399747378000029)",Unfall 2952 (2021) Kat:3, Licht: 0,2952,3,2,3,07,17,3,,0,1,1,0,0
"POINT (9.353566751000074 52.454953905000082)",Unfall 2953 (2021) Kat:3, Licht: 0,2953,3,6,4,07,17,6,,0,1,1,0,0
"POINT (9.695592573000056 52.408839276000037)",Unfall 2954 (2021) Kat:3, Licht: 2,2954,3,3,5,08,00,1,,2,1,1,0,0
"POINT (9.450602891000074 52.422956386000067)",Unfall 2955 (2021) Kat:3, Licht: 0,2955,3,7,1,07,14,4,,0,0,1,0,0
"POINT (9.733785957000066 52.440401729000030)",Unfall 2956 (2021) Kat:3, Licht: 0,2956,3,3,5,07,08,6,,0,1,0,0,0
"POINT (9.673239443000057 52.356112948000032)",Unfall 2957 (2021) Kat:3, Licht: 0,2957,3,5,2,07,17,4,,0,0,1,0,0
"POINT (9.695777382000074 52.365591545000029)",Unfall 2958 (2021) Kat:3, Licht: 0,2958,3,7,0,07,15,3,,0,1,0,0,0
"POINT (9.710586358000057 52.372380486000054)",Unfall 2959 (2021) Kat:3, Licht: 0,2959,3,4,6,07,13,3,,0,1,0,1,0
"POINT (9.717027951000034 52.342813601000046)",Unfall 2960 (2021) Kat:3, Licht: 0,2960,3,3,5,07,12,5,,0,1,1,0,0
"POINT (9.783421948000068 52.374805787000071)",Unfall 2961 (2021) Kat:3, Licht: 0,2961,3,2,5,07,13,7,,0,1,1,0,0
"POINT (9.740898480000055 52.380207364000057)",Unfall 2962 (2021) Kat:3, Licht: 0,2962,3,6,2,07,21,7,,0,0,1,0,0
"POINT (9.747922976000041 52.378178192000064)",Unfall 2963 (2021) Kat:2, Licht: 1,2963,2,7,0,07,19,4,,1,1,0,0,0
"POINT (9.750335767000024 52.358998337000060)",Unfall 2964 (2021) Kat:3, Licht: 2,2964,3,5,1,07,23,6,,2,1,1,0,0
"POINT (9.730705150000063 52.324207253000054)",Unfall 2965 (2021) Kat:3, Licht: 0,2965,3,3,5,07,15,5,,0,1,1,0,0
"POINT (9.998459613000023 52.437269949000040)",Unfall 2966 (2021) Kat:2, Licht: 0,2966,2,7,0,07,18,3,,0,1,0,0,0
"POINT (9.743790377000039 52.411303586000031)",Unfall 2967 (2021) Kat:3, Licht: 0,2967,3,6,2,07,17,3,,0,0,1,0,0
"POINT (9.857102704000056 52.361660697000048)",Unfall 2968 (2021) Kat:2, Licht: 0,2968,2,4,6,07,12,6,,0,0,1,1,0
"POINT (9.748082923000027 52.390901099000075)",Unfall 2969 (2021) Kat:3, Licht: 0,2969,3,3,5,07,06,2,,0,1,1,0,0
"POINT (9.726248638000072 52.381651947000080)",Unfall 2970 (2021) Kat:3, Licht: 1,2970,3,7,0,07,05,5,,1,0,0,0,1
"POINT (9.818899335000026 52.359658915000068)",Unfall 2971 (2021) Kat:3, Licht: 0,2971,3,3,5,07,11,7,,0,1,1,0,0
"POINT (9.704997396000067 52.374305746000061)",Unfall 2972 (2021) Kat:3, Licht: 0,2972,3,1,0,07,16,1,,0,1,0,0,0
"POINT (9.655561323000029 52.420974578000028)",Unfall 2973 (2021) Kat:2, Licht: 2,2973,2,7,8,07,01,1,,2,0,1,0,0
"POINT (9.735024705000058 52.380249216000038)",Unfall 2974 (2021) Kat:3, Licht: 0,2974,3,6,4,07,19,3,,0,1,0,0,0
"POINT (9.728484775000027 52.345484843000065)",Unfall 2975 (2021) Kat:3, Licht: 2,2975,3,3,5,07,23,7,,2,1,1,0,0
"POINT (9.689730200000042 52.364778068000078)",Unfall 2976 (2021) Kat:3, Licht: 0,2976,3,2,4,07,19,3,,0,0,1,0,0
"POINT (9.765230124000027 52.342764555000031)",Unfall 2977 (2021) Kat:3, Licht: 0,2977,3,2,5,07,11,4,,0,0,1,0,1
"POINT (9.710841414000072 52.367288253000027)",Unfall 2978 (2021) Kat:2, Licht: 0,2978,2,1,0,07,11,7,,0,1,0,0,0
"POINT (10.014701610000031 52.485533283000052)",Unfall 2979 (2021) Kat:3, Licht: 0,2979,3,7,0,07,18,6,,0,1,0,0,0
"POINT (9.712763654000071 52.360846950000052)",Unfall 2980 (2021) Kat:2, Licht: 2,2980,2,4,6,07,22,4,,2,0,1,1,0
"POINT (9.744097111000031 52.372549730000060)",Unfall 2981 (2021) Kat:3, Licht: 0,2981,3,1,0,07,08,6,,0,1,0,0,0
"POINT (9.720320329000060 52.400041218000069)",Unfall 2982 (2021) Kat:3, Licht: 0,2982,3,4,6,07,17,6,,0,0,1,1,0
"POINT (9.695246501000042 52.407486512000048)",Unfall 2983 (2021) Kat:3, Licht: 0,2983,3,3,5,07,06,5,,0,0,1,0,0
"POINT (9.600273719000029 52.313462850000064)",Unfall 2984 (2021) Kat:3, Licht: 0,2984,3,7,0,07,17,3,,0,1,0,0,0
"POINT (9.734769885000048 52.369960105000075)",Unfall 2985 (2021) Kat:3, Licht: 2,2985,3,1,0,07,00,5,,2,1,0,0,0
"POINT (9.513322886000026 52.402574424000079)",Unfall 2986 (2021) Kat:2, Licht: 0,2986,2,1,0,07,08,2,,0,0,0,0,1
"POINT (9.767201754000041 52.342049687000042)",Unfall 2987 (2021) Kat:3, Licht: 0,2987,3,5,1,07,14,4,,0,1,1,0,0
"POINT (9.731738132000032 52.375916882000070)",Unfall 2988 (2021) Kat:3, Licht: 0,2988,3,6,2,07,09,7,,0,0,1,0,0
"POINT (9.693995067000060 52.395158741000046)",Unfall 2989 (2021) Kat:3, Licht: 2,2989,3,1,0,07,02,1,,2,1,0,0,0
"POINT (9.738324285000033 52.375921159000029)",Unfall 2990 (2021) Kat:3, Licht: 0,2990,3,5,1,07,14,5,,0,1,1,0,0
"POINT (9.695521612000050 52.408854519000045)",Unfall 2991 (2021) Kat:3, Licht: 0,2991,3,2,5,07,12,3,,0,1,1,0,0
"POINT (9.734127693000062 52.376681093000059)",Unfall 2992 (2021) Kat:3, Licht: 0,2992,3,1,0,07,13,7,,0,1,0,0,0
"POINT (9.752556241000036 52.362850238000078)",Unfall 2993 (2021) Kat:3, Licht: 2,2993,3,5,1,07,23,7,,2,1,1,0,0
"POINT (9.720273061000057 52.326496863000045)",Unfall 2994 (2021) Kat:3, Licht: 0,2994,3,3,5,07,18,2,,0,1,1,0,0
"POINT (9.462271945000055 52.426338759000032)",Unfall 2995 (2021) Kat:3, Licht: 0,2995,3,3,5,07,12,5,,0,1,1,0,0
"POINT (9.766823589000069 52.345143814000039)",Unfall 2996 (2021) Kat:2, Licht: 1,2996,2,5,1,07,04,3,,1,1,1,0,0
"POINT (9.356407155000056 52.453781160000062)",Unfall 2997 (2021) Kat:3, Licht: 0,2997,3,3,5,07,20,7,,0,0,1,0,1
"POINT (9.732564100000047 52.362139937000052)",Unfall 2998 (2021) Kat:3, Licht: 2,2998,3,1,0,07,22,5,,2,0,0,0,1
"POINT (9.820714722000048 52.398917456000049)",Unfall 2999 (2021) Kat:3, Licht: 0,2999,3,1,0,07,10,1,,0,1,0,0,0
"POINT (9.738314496000044 52.382122620000075)",Unfall 3000 (2021) Kat:3, Licht: 0,3000,3,3,5,07,14,6,,0,1,1,0,0
"POINT (9.749722970000050 52.376328349000062)",Unfall 3001 (2021) Kat:3, Licht: 0,3001,3,3,5,07,10,1,,0,1,0,0,0
"POINT (9.740980255000068 52.403434829000048)",Unfall 3002 (2021) Kat:3, Licht: 0,3002,3,6,4,07,18,6,,0,1,1,0,0
"POINT (9.693437310000036 52.392350190000059)",Unfall 3003 (2021) Kat:3, Licht: 0,3003,3,2,4,07,18,6,,0,0,1,0,0
"POINT (9.707272759000034 52.369318244000056)",Unfall 3004 (2021) Kat:3, Licht: 0,3004,3,2,5,07,12,7,,0,1,1,0,0
"POINT (9.699494955000034 52.348399216000075)",Unfall 3005 (2021) Kat:3, Licht: 0,3005,3,7,0,07,16,3,,0,0,1,0,0
"POINT (9.752982479000025 52.435763479000059)",Unfall 3006 (2021) Kat:3, Licht: 0,3006,3,3,5,07,10,6,,0,1,1,0,0
"POINT (9.749178681000046 52.389827286000070)",Unfall 3007 (2021) Kat:3, Licht: 0,3007,3,3,5,07,19,2,,0,1,1,0,0
"POINT (9.968210352000028 52.383619918000079)",Unfall 3008 (2021) Kat:3, Licht: 0,3008,3,2,5,07,12,4,,0,0,1,0,1
"POINT (9.656006038000044 52.408687874000066)",Unfall 3009 (2021) Kat:3, Licht: 0,3009,3,3,0,07,16,3,,0,1,1,0,0
"POINT (9.718242773000043 52.354570584000044)",Unfall 3010 (2021) Kat:3, Licht: 0,3010,3,6,2,07,11,4,,0,1,0,0,0
"POINT (9.750185084000066 52.380370682000034)",Unfall 3011 (2021) Kat:3, Licht: 0,3011,3,5,1,07,07,3,,0,1,1,0,0
"POINT (9.778032593000034 52.362310256000058)",Unfall 3012 (2021) Kat:3, Licht: 0,3012,3,3,5,07,11,6,,0,1,1,0,0
"POINT (9.746241179000037 52.361728685000060)",Unfall 3013 (2021) Kat:3, Licht: 0,3013,3,5,1,07,10,3,,0,1,1,0,0
"POINT (9.820775663000063 52.388307516000054)",Unfall 3014 (2021) Kat:3, Licht: 0,3014,3,2,5,07,13,7,,0,0,1,0,0
"POINT (9.590442996000036 52.439718242000026)",Unfall 3015 (2021) Kat:3, Licht: 0,3015,3,3,5,07,13,4,,0,1,0,0,0
"POINT (9.763610578000055 52.399686020000047)",Unfall 3016 (2021) Kat:3, Licht: 0,3016,3,2,5,07,14,6,,0,1,1,0,0
"POINT (9.739366313000062 52.373596420000069)",Unfall 3017 (2021) Kat:3, Licht: 0,3017,3,7,6,07,10,7,,0,1,0,1,0
"POINT (10.117088504000037 52.349876178000045)",Unfall 3018 (2021) Kat:3, Licht: 0,3018,3,3,5,07,13,2,,0,1,1,0,0
"POINT (9.774832710000055 52.351217688000077)",Unfall 3019 (2021) Kat:3, Licht: 2,3019,3,5,1,07,21,6,,2,1,1,0,0
"POINT (9.693282670000031 52.395646053000064)",Unfall 3020 (2021) Kat:3, Licht: 0,3020,3,1,9,07,18,2,,0,1,0,0,0
"POINT (9.680849586000022 52.350578088000077)",Unfall 3021 (2021) Kat:3, Licht: 0,3021,3,6,6,07,07,4,,0,0,0,1,0
"POINT (9.717226096000047 52.339764834000050)",Unfall 3022 (2021) Kat:3, Licht: 0,3022,3,3,5,07,17,2,,0,1,1,0,0
"POINT (9.753572928000040 52.442767625000045)",Unfall 3023 (2021) Kat:3, Licht: 0,3023,3,6,2,07,13,7,,0,0,1,0,0
"POINT (9.696547521000070 52.438357481000082)",Unfall 3024 (2021) Kat:2, Licht: 0,3024,2,7,0,07,10,7,,0,1,0,0,0
"POINT (9.714691413000025 52.410439783000072)",Unfall 3025 (2021) Kat:3, Licht: 0,3025,3,1,0,07,09,3,,0,1,0,0,0
"POINT (9.752063498000041 52.410427951000031)",Unfall 3026 (2021) Kat:3, Licht: 0,3026,3,2,2,07,14,7,,0,0,1,0,0
"POINT (9.675858859000073 52.381891189000044)",Unfall 3027 (2021) Kat:2, Licht: 2,3027,2,1,0,07,17,4,,2,1,0,0,0
"POINT (9.490797086000043 52.307816906000028)",Unfall 3028 (2021) Kat:3, Licht: 0,3028,3,3,5,07,11,5,,0,1,1,0,0
"POINT (9.604539709000051 52.409919354000067)",Unfall 3029 (2021) Kat:3, Licht: 0,3029,3,3,5,07,17,3,,0,0,1,0,0
"POINT (9.743823027000076 52.380703855000036)",Unfall 3030 (2021) Kat:3, Licht: 0,3030,3,3,5,07,11,5,,0,0,1,0,0
"POINT (9.753767409000034 52.367180799000039)",Unfall 3031 (2021) Kat:3, Licht: 0,3031,3,3,0,07,10,4,,0,0,1,0,0
"POINT (9.738042902000075 52.382135923000078)",Unfall 3032 (2021) Kat:3, Licht: 0,3032,3,2,5,07,11,7,,0,1,1,0,0
"POINT (9.811710449000032 52.398473409000076)",Unfall 3033 (2021) Kat:3, Licht: 2,3033,3,5,1,07,02,1,,2,1,1,0,0
"POINT (9.719875403000060 52.366556394000042)",Unfall 3034 (2021) Kat:3, Licht: 0,3034,3,3,5,07,09,3,,0,0,1,0,0
"POINT (9.754774171000065 52.434810348000042)",Unfall 3035 (2021) Kat:3, Licht: 0,3035,3,3,5,07,11,6,,0,0,1,0,0
"POINT (9.742287785000030 52.378392406000046)",Unfall 3036 (2021) Kat:3, Licht: 1,3036,3,6,6,07,21,5,,1,0,1,1,0
"POINT (9.722036308000042 52.435803168000064)",Unfall 3037 (2021) Kat:3, Licht: 0,3037,3,6,2,07,18,2,,0,0,1,0,0
"POINT (9.829753322000045 52.332465469000056)",Unfall 3038 (2021) Kat:3, Licht: 0,3038,3,1,0,07,18,1,,0,1,0,0,0
"POINT (9.797980340000038 52.413135729000032)",Unfall 3039 (2021) Kat:3, Licht: 0,3039,3,3,0,07,09,5,,0,1,1,0,0
"POINT (9.792383757000039 52.396628739000050)",Unfall 3040 (2021) Kat:3, Licht: 0,3040,3,6,2,07,13,4,,0,0,1,0,0
"POINT (9.744232435000072 52.373323346000063)",Unfall 3041 (2021) Kat:3, Licht: 0,3041,3,1,0,07,16,6,,0,1,0,0,0
"POINT (9.827074999000047 52.342124626000043)",Unfall 3042 (2021) Kat:3, Licht: 0,3042,3,1,0,07,12,2,,0,1,0,0,0
"POINT (9.769914303000064 52.394787468000061)",Unfall 3043 (2021) Kat:3, Licht: 0,3043,3,7,2,07,09,3,,0,0,0,0,1
"POINT (9.806331411000031 52.378390166000031)",Unfall 3044 (2021) Kat:3, Licht: 0,3044,3,6,2,07,16,4,,0,0,1,0,0
"POINT (9.708613064000076 52.373055353000041)",Unfall 3045 (2021) Kat:3, Licht: 0,3045,3,1,0,07,14,6,,0,1,0,0,0
"POINT (9.741011565000065 52.398782214000050)",Unfall 3046 (2021) Kat:3, Licht: 0,3046,3,2,4,07,20,7,,0,1,1,0,0
"POINT (10.021498077000047 52.445046001000037)",Unfall 3047 (2021) Kat:3, Licht: 0,3047,3,6,2,07,17,2,,0,0,1,0,0
"POINT (9.752947725000070 52.565601147000052)",Unfall 3048 (2021) Kat:3, Licht: 2,3048,3,1,8,07,02,1,,2,0,1,0,0
"POINT (9.938882123000042 52.350752323000052)",Unfall 3049 (2021) Kat:3, Licht: 0,3049,3,5,1,07,12,6,,0,1,1,0,0
"POINT (9.906747342000074 52.371888493000029)",Unfall 3050 (2021) Kat:3, Licht: 0,3050,3,1,0,07,14,1,,0,1,0,0,0
"POINT (9.795565200000055 52.375563530000079)",Unfall 3051 (2021) Kat:3, Licht: 0,3051,3,3,5,07,16,7,,0,1,1,0,0
"POINT (9.705893382000056 52.369948148000049)",Unfall 3052 (2021) Kat:3, Licht: 0,3052,3,6,2,07,19,3,,0,0,1,0,0
"POINT (9.751812118000032 52.377022079000028)",Unfall 3053 (2021) Kat:3, Licht: 0,3053,3,6,3,07,14,6,,0,1,1,0,0
"POINT (9.749623570000040 52.383863894000058)",Unfall 3054 (2021) Kat:3, Licht: 0,3054,3,3,5,07,14,3,,0,1,0,0,0
"POINT (9.733641188000036 52.376696324000079)",Unfall 3055 (2021) Kat:3, Licht: 2,3055,3,1,0,08,01,1,,2,1,0,0,0
"POINT (9.884847081000032 52.437120331000074)",Unfall 3056 (2021) Kat:3, Licht: 0,3056,3,3,5,07,17,2,,0,1,1,0,0
"POINT (9.616094561000068 52.404635843000051)",Unfall 3057 (2021) Kat:3, Licht: 0,3057,3,2,4,07,16,3,,0,1,1,0,0
"POINT (9.667441838000059 52.445757065000066)",Unfall 3058 (2021) Kat:3, Licht: 0,3058,3,3,5,07,10,7,,0,1,1,0,0
"POINT (9.591946390000032 52.421560557000078)",Unfall 3059 (2021) Kat:2, Licht: 0,3059,2,3,5,07,11,5,,0,1,1,0,0
"POINT (9.791595113000028 52.403197462000037)",Unfall 3060 (2021) Kat:3, Licht: 0,3060,3,2,5,07,08,4,,0,1,1,0,0
"POINT (9.727632122000045 52.350094652000053)",Unfall 3061 (2021) Kat:2, Licht: 0,3061,2,7,0,07,18,7,,0,1,0,0,0
"POINT (9.784722844000044 52.519922838000070)",Unfall 3062 (2021) Kat:2, Licht: 0,3062,2,3,5,07,13,7,,0,1,1,0,0
"POINT (9.655230266000046 52.419729564000079)",Unfall 3063 (2021) Kat:3, Licht: 1,3063,3,7,0,07,05,5,,1,1,0,0,0
"POINT (9.458225764000076 52.505701136000027)",Unfall 3064 (2021) Kat:3, Licht: 0,3064,3,1,0,07,15,7,,0,0,0,0,1
"POINT (9.740176725000026 52.375830932000042)",Unfall 3065 (2021) Kat:3, Licht: 0,3065,3,7,6,07,15,6,,0,0,1,1,0
"POINT (9.741115128000047 52.375303250000059)",Unfall 3066 (2021) Kat:3, Licht: 0,3066,3,6,4,07,17,4,,0,1,1,0,0
"POINT (9.955597648000037 52.457804812000063)",Unfall 3067 (2021) Kat:3, Licht: 0,3067,3,7,4,07,14,6,,0,0,1,0,0
"POINT (9.813802926000051 52.398946075000026)",Unfall 3068 (2021) Kat:3, Licht: 0,3068,3,2,5,07,15,3,,0,0,1,0,0
"POINT (9.746921433000068 52.530459904000054)",Unfall 3069 (2021) Kat:3, Licht: 0,3069,3,3,5,07,09,6,,0,1,0,0,0
"POINT (9.792485384000031 52.397083779000070)",Unfall 3070 (2021) Kat:2, Licht: 0,3070,2,2,5,07,13,2,,0,1,1,0,0
"POINT (9.757776112000045 52.353235267000059)",Unfall 3071 (2021) Kat:3, Licht: 0,3071,3,7,0,07,20,2,,0,1,0,1,0
"POINT (9.590967670000055 52.428146539000068)",Unfall 3072 (2021) Kat:3, Licht: 0,3072,3,6,4,07,10,4,,0,1,1,0,0
"POINT (9.505328258000077 52.283889527000042)",Unfall 3073 (2021) Kat:3, Licht: 0,3073,3,1,8,07,19,5,,0,1,0,0,0
"POINT (9.851505862000067 52.489520396000046)",Unfall 3074 (2021) Kat:3, Licht: 0,3074,3,7,0,07,08,6,,0,1,0,0,0
"POINT (9.738028437000025 52.382145831000059)",Unfall 3075 (2021) Kat:3, Licht: 0,3075,3,2,5,07,18,7,,0,1,1,0,0
"POINT (9.453108998000062 52.420752002000029)",Unfall 3076 (2021) Kat:2, Licht: 2,3076,2,7,0,07,03,2,,2,0,0,0,1
"POINT (9.801459741000031 52.381284544000039)",Unfall 3077 (2021) Kat:3, Licht: 1,3077,3,1,1,07,20,5,,1,1,1,0,0
"POINT (9.748388581000029 52.272872472000074)",Unfall 3078 (2021) Kat:3, Licht: 0,3078,3,6,2,07,17,4,,0,1,1,0,0
"POINT (9.744238972000062 52.373361021000051)",Unfall 3079 (2021) Kat:3, Licht: 0,3079,3,1,0,07,15,2,,0,1,0,0,0
"POINT (9.739739018000023 52.380834999000058)",Unfall 3080 (2021) Kat:3, Licht: 0,3080,3,6,2,07,06,4,,0,1,0,0,0
"POINT (9.803825829000061 52.399007655000048)",Unfall 3081 (2021) Kat:3, Licht: 0,3081,3,5,1,07,18,3,,0,0,1,0,0
"POINT (9.663769005000063 52.379868432000080)",Unfall 3082 (2021) Kat:2, Licht: 2,3082,2,1,0,07,23,7,,2,1,0,0,0
"POINT (9.712206611000056 52.368604365000067)",Unfall 3083 (2021) Kat:3, Licht: 0,3083,3,3,5,07,12,3,,0,1,0,0,0
"POINT (9.771576641000024 52.375292425000055)",Unfall 3084 (2021) Kat:3, Licht: 2,3084,3,1,0,07,00,6,,2,1,0,0,0
"POINT (9.756582214000048 52.390763326000069)",Unfall 3085 (2021) Kat:2, Licht: 0,3085,2,1,0,08,16,1,,0,1,0,0,0
"POINT (9.859079371000064 52.367954737000048)",Unfall 3086 (2021) Kat:3, Licht: 0,3086,3,2,5,07,13,2,,0,1,0,0,0
"POINT (9.460179217000075 52.494417503000079)",Unfall 3087 (2021) Kat:3, Licht: 0,3087,3,3,5,07,16,4,,0,1,1,1,0
"POINT (9.712327431000062 52.370876361000057)",Unfall 3088 (2021) Kat:3, Licht: 0,3088,3,6,2,07,16,6,,0,0,1,0,0
"POINT (9.816877981000061 52.394266565000066)",Unfall 3089 (2021) Kat:3, Licht: 2,3089,3,1,0,07,00,1,,2,1,0,0,0
"POINT (9.771438003000071 52.399363747000052)",Unfall 3090 (2021) Kat:3, Licht: 2,3090,3,5,1,07,23,6,,2,1,1,0,0
"POINT (9.702787576000048 52.399747378000029)",Unfall 3091 (2021) Kat:3, Licht: 1,3091,3,1,7,07,04,7,,1,0,0,0,0
"POINT (9.678185278000058 52.343617880000068)",Unfall 3092 (2021) Kat:3, Licht: 0,3092,3,5,0,07,17,5,,0,1,1,0,0
"POINT (9.742767685000047 52.379221876000031)",Unfall 3093 (2021) Kat:3, Licht: 2,3093,3,4,0,07,21,7,,2,0,0,1,0
"POINT (9.799012329000050 52.334691311000029)",Unfall 3094 (2021) Kat:3, Licht: 0,3094,3,3,5,07,10,5,,0,0,1,0,0
"POINT (9.753724633000047 52.439752932000033)",Unfall 3095 (2021) Kat:3, Licht: 0,3095,3,3,5,07,15,2,,0,1,1,0,0
"POINT (9.771509602000037 52.397622392000073)",Unfall 3096 (2021) Kat:3, Licht: 0,3096,3,2,0,07,09,3,,0,1,1,0,0
"POINT (9.658067744000050 52.318194858000027)",Unfall 3097 (2021) Kat:3, Licht: 0,3097,3,4,6,07,07,6,,0,0,1,1,0
"POINT (9.819133356000066 52.399900602000059)",Unfall 3098 (2021) Kat:2, Licht: 0,3098,2,1,0,07,14,1,,0,1,0,0,0
"POINT (9.752097557000070 52.439754270000037)",Unfall 3099 (2021) Kat:2, Licht: 0,3099,2,1,0,07,15,5,,0,1,0,0,0
"POINT (9.747449560000064 52.394861321000064)",Unfall 3100 (2021) Kat:3, Licht: 0,3100,3,7,0,07,16,6,,0,1,0,0,0
"POINT (9.762799567000059 52.413031166000053)",Unfall 3101 (2021) Kat:3, Licht: 0,3101,3,7,0,07,08,2,,0,0,1,0,1
"POINT (9.818803767000077 52.303634528000032)",Unfall 3102 (2021) Kat:3, Licht: 1,3102,3,3,5,07,21,1,,1,0,1,0,0
"POINT (9.752298865000057 52.355068667000069)",Unfall 3103 (2021) Kat:3, Licht: 0,3103,3,1,8,07,06,7,,0,1,0,0,0
"POINT (9.664855124000042 52.410796773000072)",Unfall 3104 (2021) Kat:3, Licht: 0,3104,3,6,0,07,17,5,,0,1,1,0,0
"POINT (9.955843466000033 52.457488983000076)",Unfall 3105 (2021) Kat:3, Licht: 0,3105,3,1,9,07,19,7,,0,0,0,0,1
"POINT (9.754223789000037 52.438948544000027)",Unfall 3106 (2021) Kat:3, Licht: 0,3106,3,6,2,07,08,4,,0,0,1,0,0
"POINT (9.709255168000027 52.360248286000058)",Unfall 3107 (2021) Kat:3, Licht: 0,3107,3,2,5,07,17,2,,0,1,1,0,0
"POINT (9.667402594000066 52.409284174000049)",Unfall 3108 (2021) Kat:3, Licht: 0,3108,3,7,1,07,20,4,,0,0,1,1,0
"POINT (9.782395046000033 52.371431783000048)",Unfall 3109 (2021) Kat:3, Licht: 0,3109,3,6,4,07,16,4,,0,1,0,0,0
"POINT (9.704838400000028 52.374382645000026)",Unfall 3110 (2021) Kat:3, Licht: 0,3110,3,1,0,07,15,7,,0,0,0,0,0
"POINT (9.361173860000065 52.453172361000043)",Unfall 3111 (2021) Kat:3, Licht: 0,3111,3,3,0,07,07,2,,0,1,0,0,0
"POINT (9.762804015000029 52.415918508000061)",Unfall 3112 (2021) Kat:3, Licht: 0,3112,3,7,0,07,16,3,,0,1,0,0,0
"POINT (9.720919201000072 52.383936097000060)",Unfall 3113 (2021) Kat:3, Licht: 2,3113,3,3,0,07,22,1,,2,1,0,0,0
"POINT (9.718213674000026 52.360482037000054)",Unfall 3114 (2021) Kat:3, Licht: 0,3114,3,1,0,07,11,1,,0,0,0,0,0
"POINT (9.760235619000071 52.356361021000055)",Unfall 3115 (2021) Kat:3, Licht: 0,3115,3,2,5,07,17,3,,0,1,1,0,0
"POINT (9.619227744000057 52.439758928000060)",Unfall 3116 (2021) Kat:3, Licht: 0,3116,3,7,4,07,21,3,,0,0,1,0,1
"POINT (9.619978852000031 52.437802182000041)",Unfall 3117 (2021) Kat:3, Licht: 1,3117,3,6,4,07,21,7,,1,1,0,0,0
"POINT (9.469106317000069 52.299440914000058)",Unfall 3118 (2021) Kat:3, Licht: 0,3118,3,7,0,07,19,6,,0,1,0,0,0
"POINT (9.742571100000021 52.462902293000070)",Unfall 3119 (2021) Kat:3, Licht: 0,3119,3,3,5,07,17,7,,0,0,1,0,0
"POINT (9.668173658000057 52.415396863000069)",Unfall 3120 (2021) Kat:3, Licht: 0,3120,3,3,5,07,17,3,,0,1,1,0,0
"POINT (9.792227614000069 52.374589151000066)",Unfall 3121 (2021) Kat:3, Licht: 0,3121,3,1,0,07,20,4,,0,1,0,0,0
"POINT (9.806650598000033 52.414790903000039)",Unfall 3122 (2021) Kat:3, Licht: 0,3122,3,1,0,07,15,1,,0,1,0,0,0
"POINT (9.696901463000074 52.341506748000029)",Unfall 3123 (2021) Kat:3, Licht: 0,3123,3,6,2,07,16,5,,0,0,1,0,0
"POINT (9.716911336000067 52.341759041000046)",Unfall 3124 (2021) Kat:3, Licht: 0,3124,3,1,0,07,12,3,,0,1,0,0,0
"POINT (9.746854028000030 52.382586641000046)",Unfall 3125 (2021) Kat:3, Licht: 0,3125,3,3,5,07,14,7,,0,1,1,0,0