WKT,Name,OBJECTID,UKATEGORIE,UTYP1,UART,UMONAT,USTUNDE,UWOCHENTAG,STRZUSTAND,ULICHTVERH,ISTRAD,ISTPKW,ISTFUSS,ISTKRAD
"POINT (9.732860944000038 52.376727554000070)",Unfall 3491 (2021) Kat:3, Licht: 0,3491,3,2,5,09,15,4,,0,1,1,0,0
"POINT (9.728325351000024 52.425768298000037)",Unfall 3492 (2021) Kat:3, Licht: 0,3492,3,5,1,10,18,6,,0,0,1,0,1
"POINT (9.454813721000050 52.499548415000049)",Unfall 3493 (2021) Kat:3, Licht: 2,3493,3,7,9,10,20,4,,2,0,0,0,0
"POINT (9.747703935000061 52.395260371000063)",Unfall 3494 (2021) Kat:3, Licht: 0,3494,3,2,5,09,15,7,,0,1,1,0,0
"POINT (9.721190599000067 52.397568075000038)",Unfall 3495 (2021) Kat:3, Licht: 2,3495,3,6,2,09,20,1,,2,1,1,0,0
"POINT (9.732715837000057 52.379250361000061)",Unfall 3496 (2021) Kat:3, Licht: 0,3496,3,3,0,09,12,5,,0,1,1,0,0
"POINT (9.592815820000055 52.421945805000064)",Unfall 3497 (2021) Kat:3, Licht: 0,3497,3,7,0,10,07,6,,0,1,1,0,0
"POINT (9.732232900000042 52.375400006000064)",Unfall 3498 (2021) Kat:3, Licht: 0,3498,3,1,0,10,13,3,,0,1,0,0,0
"POINT (9.414296605000061 52.328880444000049)",Unfall 3499 (2021) Kat:3, Licht: 0,3499,3,5,1,09,11,3,,0,0,1,0,1
"POINT (9.851733016000026 52.495008598000027)",Unfall 3500 (2021) Kat:3, Licht: 0,3500,3,2,6,09,14,2,,0,0,1,1,0
"POINT (9.671199777000027 52.402651442000035)",Unfall 3501 (2021) Kat:3, Licht: 0,3501,3,3,5,09,10,2,,0,1,1,0,0
"POINT (9.747653677000073 52.392699999000058)",Unfall 3502 (2021) Kat:3, Licht: 0,3502,3,5,1,09,11,4,,0,1,1,0,0
"POINT (10.014452873000039 52.420392770000035)",Unfall 3503 (2021) Kat:2, Licht: 2,3503,2,1,0,09,20,5,,2,0,0,0,1
"POINT (9.676699367000026 52.396404460000042)",Unfall 3504 (2021) Kat:2, Licht: 0,3504,2,7,0,09,15,5,,0,1,0,0,0
"POINT (9.472986134000053 52.301274141000079)",Unfall 3505 (2021) Kat:3, Licht: 0,3505,3,6,6,09,13,7,,0,0,0,1,0
"POINT (9.730745594000041 52.374921703000041)",Unfall 3506 (2021) Kat:3, Licht: 0,3506,3,2,5,10,18,6,,0,0,1,0,0
"POINT (9.495051476000071 52.285463790000051)",Unfall 3507 (2021) Kat:2, Licht: 0,3507,2,1,0,09,17,6,,0,1,0,0,0
"POINT (9.731767074000061 52.344769537000047)",Unfall 3508 (2021) Kat:3, Licht: 0,3508,3,1,0,09,15,5,,0,1,0,0,0
"POINT (9.680740940000021 52.416057792000061)",Unfall 3509 (2021) Kat:3, Licht: 0,3509,3,3,5,10,17,4,,0,1,1,0,0
"POINT (10.007624366000073 52.446587673000067)",Unfall 3510 (2021) Kat:3, Licht: 0,3510,3,2,5,09,11,3,,0,1,1,0,0
"POINT (9.716193886000042 52.372565283000029)",Unfall 3511 (2021) Kat:3, Licht: 2,3511,3,1,0,09,22,6,,2,1,0,0,0
"POINT (9.635143498000048 52.416365769000038)",Unfall 3512 (2021) Kat:3, Licht: 2,3512,3,2,4,09,05,6,,2,0,1,0,0
"POINT (9.588923191000049 52.418074636000028)",Unfall 3513 (2021) Kat:3, Licht: 0,3513,3,7,0,09,14,5,,0,1,0,0,0
"POINT (9.730567673000053 52.378510380000080)",Unfall 3514 (2021) Kat:3, Licht: 0,3514,3,7,0,09,12,5,,0,1,0,0,0
"POINT (9.719132977000072 52.317555966000043)",Unfall 3515 (2021) Kat:3, Licht: 0,3515,3,5,1,10,11,7,,0,0,1,0,1
"POINT (9.735564265000050 52.372335977000034)",Unfall 3516 (2021) Kat:3, Licht: 0,3516,3,3,5,09,08,3,,0,1,0,0,0
"POINT (9.487119642000039 52.304574344000059)",Unfall 3517 (2021) Kat:3, Licht: 0,3517,3,3,5,09,17,2,,0,0,1,0,0
"POINT (9.745137169000031 52.384707002000027)",Unfall 3518 (2021) Kat:3, Licht: 0,3518,3,1,0,09,10,5,,0,1,0,0,0
"POINT (9.729955621000045 52.378415625000059)",Unfall 3519 (2021) Kat:3, Licht: 0,3519,3,3,5,09,13,6,,0,1,1,0,0
"POINT (9.701132563000044 52.366421207000030)",Unfall 3520 (2021) Kat:3, Licht: 0,3520,3,1,0,10,11,1,,0,1,0,0,0
"POINT (9.724352571000054 52.373015623000072)",Unfall 3521 (2021) Kat:3, Licht: 0,3521,3,5,1,09,14,1,,0,1,1,0,0
"POINT (9.753011814000047 52.377749414000050)",Unfall 3522 (2021) Kat:3, Licht: 0,3522,3,5,1,10,14,6,,0,1,1,0,0
"POINT (9.714070849000052 52.383758444000080)",Unfall 3523 (2021) Kat:3, Licht: 2,3523,3,5,1,09,22,3,,2,0,1,0,0
"POINT (9.723396719000050 52.387243947000059)",Unfall 3524 (2021) Kat:3, Licht: 1,3524,3,2,2,09,19,3,,1,1,1,0,0
"POINT (9.737729101000070 52.374689499000056)",Unfall 3525 (2021) Kat:3, Licht: 0,3525,3,7,6,09,17,2,,0,1,0,1,0
"POINT (9.754259057000070 52.355435336000028)",Unfall 3526 (2021) Kat:3, Licht: 0,3526,3,2,4,10,16,2,,0,1,1,0,0
"POINT (9.715639112000076 52.372277022000048)",Unfall 3527 (2021) Kat:3, Licht: 2,3527,3,7,0,09,00,1,,2,1,0,0,0
"POINT (9.732494290000034 52.445526786000073)",Unfall 3528 (2021) Kat:3, Licht: 0,3528,3,5,0,09,15,3,,0,0,1,0,1
"POINT (9.746611238000071 52.375282887000026)",Unfall 3529 (2021) Kat:3, Licht: 0,3529,3,5,2,09,17,5,,0,0,1,0,0
"POINT (9.708221734000062 52.367148731000043)",Unfall 3530 (2021) Kat:3, Licht: 2,3530,3,7,0,10,20,3,,2,1,1,0,0
"POINT (9.733672983000076 52.432254139000065)",Unfall 3531 (2021) Kat:3, Licht: 0,3531,3,1,0,09,10,2,,0,0,1,0,0
"POINT (9.462396062000039 52.467547914000079)",Unfall 3532 (2021) Kat:3, Licht: 0,3532,3,3,5,09,07,4,,0,0,0,0,1
"POINT (9.558617936000076 52.209782074000032)",Unfall 3533 (2021) Kat:2, Licht: 0,3533,2,2,6,09,13,6,,0,0,1,1,0
"POINT (9.666304717000060 52.447858932000031)",Unfall 3534 (2021) Kat:3, Licht: 0,3534,3,5,1,09,17,3,,0,1,1,0,0
"POINT (9.702723930000047 52.339935326000045)",Unfall 3535 (2021) Kat:3, Licht: 0,3535,3,1,0,09,11,4,,0,1,0,0,0
"POINT (9.684516916000064 52.393329770000037)",Unfall 3536 (2021) Kat:3, Licht: 2,3536,3,3,0,09,05,2,,2,1,0,0,0
"POINT (9.702004669000075 52.366561642000079)",Unfall 3537 (2021) Kat:2, Licht: 0,3537,2,6,4,09,18,5,,0,1,0,0,0
"POINT (10.210541848000048 52.463005784000075)",Unfall 3538 (2021) Kat:3, Licht: 0,3538,3,3,5,09,15,6,,0,0,1,0,0
"POINT (9.760497061000024 52.358991142000036)",Unfall 3539 (2021) Kat:3, Licht: 0,3539,3,4,6,10,17,2,,0,1,0,1,0
"POINT (9.662955233000048 52.402770560000079)",Unfall 3540 (2021) Kat:2, Licht: 1,3540,2,1,0,09,19,6,,1,0,0,0,0
"POINT (9.979844820000039 52.378433568000048)",Unfall 3541 (2021) Kat:3, Licht: 0,3541,3,1,0,09,17,4,,0,0,0,0,1
"POINT (9.773420376000047 52.410339349000026)",Unfall 3542 (2021) Kat:3, Licht: 0,3542,3,2,5,10,16,6,,0,0,1,0,0
"POINT (9.753950540000062 52.395512643000075)",Unfall 3543 (2021) Kat:3, Licht: 0,3543,3,2,2,10,09,6,,0,0,1,0,0
"POINT (9.714464520000035 52.366006803000062)",Unfall 3544 (2021) Kat:3, Licht: 0,3544,3,1,0,09,10,4,,0,0,0,0,0
"POINT (9.745657660000063 52.378734810000026)",Unfall 3545 (2021) Kat:3, Licht: 2,3545,3,2,4,10,21,2,,2,1,1,0,0
"POINT (9.845367839000062 52.390215248000061)",Unfall 3546 (2021) Kat:3, Licht: 0,3546,3,7,2,10,14,6,,0,1,1,0,0
"POINT (9.735703591000060 52.376811111000052)",Unfall 3547 (2021) Kat:3, Licht: 2,3547,3,1,0,09,03,7,,2,0,0,0,0
"POINT (9.775149558000066 52.363700830000028)",Unfall 3548 (2021) Kat:3, Licht: 0,3548,3,2,5,09,12,3,,0,1,1,0,0
"POINT (9.735063131000061 52.376631880000048)",Unfall 3549 (2021) Kat:3, Licht: 0,3549,3,2,5,09,18,5,,0,1,1,0,0
"POINT (9.861801747000072 52.389810587000056)",Unfall 3550 (2021) Kat:3, Licht: 0,3550,3,1,0,09,17,7,,0,0,0,0,0
"POINT (9.762756636000063 52.410252059000072)",Unfall 3551 (2021) Kat:3, Licht: 0,3551,3,2,5,09,14,1,,0,0,1,0,1
"POINT (9.731509767000034 52.372887698000056)",Unfall 3552 (2021) Kat:3, Licht: 2,3552,3,6,4,09,19,5,,2,1,1,0,0
"POINT (9.676900264000039 52.396316804000037)",Unfall 3553 (2021) Kat:3, Licht: 2,3553,3,7,6,09,00,6,,2,0,1,1,0
"POINT (9.752518192000025 52.362873111000056)",Unfall 3554 (2021) Kat:2, Licht: 0,3554,2,3,5,09,14,2,,0,1,1,0,0
"POINT (10.202727702000061 52.464041983000072)",Unfall 3555 (2021) Kat:3, Licht: 0,3555,3,3,5,10,10,6,,0,1,1,0,0
"POINT (9.693333287000030 52.392356500000062)",Unfall 3556 (2021) Kat:3, Licht: 0,3556,3,3,5,09,09,5,,0,1,1,0,0
"POINT (9.750830689000054 52.375425318000055)",Unfall 3557 (2021) Kat:3, Licht: 1,3557,3,2,2,10,18,6,,1,0,1,0,0
"POINT (9.418383225000071 52.445774058000040)",Unfall 3558 (2021) Kat:3, Licht: 0,3558,3,7,6,09,08,2,,0,0,1,1,0
"POINT (9.716025352000031 52.378319681000050)",Unfall 3559 (2021) Kat:2, Licht: 2,3559,2,1,9,09,20,5,,2,1,0,0,0
"POINT (9.765849945000070 52.382610764000049)",Unfall 3560 (2021) Kat:3, Licht: 0,3560,3,3,5,09,17,4,,0,1,0,0,0
"POINT (9.756627409000032 52.340734202000078)",Unfall 3561 (2021) Kat:3, Licht: 0,3561,3,2,5,10,07,5,,0,1,0,0,0
"POINT (9.724600637000037 52.318619998000031)",Unfall 3562 (2021) Kat:3, Licht: 2,3562,3,3,5,09,00,1,,2,0,1,0,0
"POINT (9.746646935000058 52.373880666000048)",Unfall 3563 (2021) Kat:3, Licht: 1,3563,3,6,3,09,18,6,,1,1,1,0,0
"POINT (9.724878457000045 52.339360879000026)",Unfall 3564 (2021) Kat:3, Licht: 0,3564,3,5,1,09,09,4,,0,1,1,0,0
"POINT (9.748079978000021 52.395219805000067)",Unfall 3565 (2021) Kat:3, Licht: 2,3565,3,6,2,10,20,3,,2,0,1,0,0
"POINT (9.708290232000024 52.365058786000077)",Unfall 3566 (2021) Kat:3, Licht: 0,3566,3,7,6,09,13,6,,0,0,0,1,0
"POINT (9.690261870000029 52.418352887000026)",Unfall 3567 (2021) Kat:3, Licht: 0,3567,3,2,5,10,14,6,,0,1,1,0,0
"POINT (9.814186830000040 52.331771690000039)",Unfall 3568 (2021) Kat:3, Licht: 1,3568,3,1,0,09,19,7,,1,1,0,0,0
"POINT (9.761783199000035 52.341992243000050)",Unfall 3569 (2021) Kat:3, Licht: 0,3569,3,3,5,09,13,4,,0,1,1,0,0
"POINT (9.854147769000065 52.391092973000070)",Unfall 3570 (2021) Kat:3, Licht: 0,3570,3,4,6,10,12,6,,0,0,1,1,0
"POINT (9.772013936000064 52.364919316000055)",Unfall 3571 (2021) Kat:3, Licht: 0,3571,3,1,0,09,08,2,,0,0,0,0,1
"POINT (9.700847612000075 52.366373896000027)",Unfall 3572 (2021) Kat:2, Licht: 0,3572,2,4,6,09,16,4,,0,0,0,1,0
"POINT (9.725587372000064 52.375832564000063)",Unfall 3573 (2021) Kat:3, Licht: 0,3573,3,3,5,10,11,5,,0,1,1,0,0
"POINT (9.704376895000053 52.344122015000039)",Unfall 3574 (2021) Kat:3, Licht: 0,3574,3,6,4,09,15,4,,0,0,1,0,1
"POINT (9.739748500000076 52.453717160000053)",Unfall 3575 (2021) Kat:3, Licht: 0,3575,3,7,1,10,13,2,,0,0,1,0,0
"POINT (9.790302225000062 52.395873856000037)",Unfall 3576 (2021) Kat:3, Licht: 0,3576,3,1,0,09,14,5,,0,1,1,0,0
"POINT (9.739406267000049 52.376794538000070)",Unfall 3577 (2021) Kat:3, Licht: 2,3577,3,1,0,10,02,4,,2,0,0,0,0
"POINT (9.754581445000042 52.522327552000036)",Unfall 3578 (2021) Kat:2, Licht: 0,3578,2,3,5,10,11,6,,0,1,1,0,0
"POINT (9.733881565000047 52.456865460000074)",Unfall 3579 (2021) Kat:3, Licht: 0,3579,3,3,5,10,16,6,,0,1,1,0,0
"POINT (9.721548188000043 52.379379264000079)",Unfall 3580 (2021) Kat:3, Licht: 0,3580,3,7,1,10,14,2,,0,1,1,0,0
"POINT (9.717534756000020 52.351578035000045)",Unfall 3581 (2021) Kat:3, Licht: 0,3581,3,3,5,11,15,4,,0,0,1,0,0
"POINT (9.610266625000065 52.415787516000080)",Unfall 3582 (2021) Kat:3, Licht: 0,3582,3,6,2,10,14,3,,0,0,1,0,0
"POINT (9.707855134000056 52.367886042000066)",Unfall 3583 (2021) Kat:3, Licht: 2,3583,3,5,1,11,19,3,,2,1,1,0,0
"POINT (9.746196922000024 52.375298780000037)",Unfall 3584 (2021) Kat:2, Licht: 2,3584,2,1,0,10,02,1,,2,0,0,0,0
"POINT (9.544695299000068 52.213250672000072)",Unfall 3585 (2021) Kat:3, Licht: 0,3585,3,6,4,11,13,4,,0,1,1,0,0
"POINT (9.730194169000072 52.435636888000033)",Unfall 3586 (2021) Kat:2, Licht: 2,3586,2,5,1,10,03,1,,2,0,1,0,0
"POINT (9.733721119000052 52.399725883000031)",Unfall 3587 (2021) Kat:3, Licht: 1,3587,3,3,5,10,07,2,,1,1,1,0,0
"POINT (9.741142566000065 52.378037924000068)",Unfall 3588 (2021) Kat:3, Licht: 0,3588,3,4,0,10,15,2,,0,1,0,1,0
"POINT (9.672768270000063 52.355990821000034)",Unfall 3589 (2021) Kat:3, Licht: 0,3589,3,7,0,10,09,5,,0,1,0,0,0
"POINT (9.726956680000058 52.375795766000067)",Unfall 3590 (2021) Kat:3, Licht: 0,3590,3,3,5,10,12,6,,0,1,1,0,0
"POINT (9.816471292000074 52.291429489000052)",Unfall 3591 (2021) Kat:3, Licht: 0,3591,3,7,0,10,09,2,,0,1,0,0,0
"POINT (9.742427621000047 52.358737721000068)",Unfall 3592 (2021) Kat:3, Licht: 0,3592,3,3,5,11,09,5,,0,0,1,0,0
"POINT (9.814767978000077 52.307781148000061)",Unfall 3593 (2021) Kat:3, Licht: 0,3593,3,3,5,11,14,4,,0,1,1,0,0
"POINT (9.655195378000030 52.317864155000052)",Unfall 3594 (2021) Kat:3, Licht: 2,3594,3,6,6,10,18,3,,2,0,1,1,0
"POINT (9.699915212000064 52.391575287000080)",Unfall 3595 (2021) Kat:3, Licht: 0,3595,3,4,6,11,10,4,,0,0,1,1,0
"POINT (9.756112999000038 52.352935003000027)",Unfall 3596 (2021) Kat:3, Licht: 0,3596,3,7,0,10,12,7,,0,1,0,0,0
"POINT (9.820838742000035 52.283858115000044)",Unfall 3597 (2021) Kat:3, Licht: 0,3597,3,7,0,10,17,2,,0,1,0,0,0
"POINT (9.716168501000027 52.388213809000035)",Unfall 3598 (2021) Kat:3, Licht: 0,3598,3,7,0,10,11,4,,0,1,1,0,0
"POINT (9.721674583000038 52.378960171000074)",Unfall 3599 (2021) Kat:3, Licht: 0,3599,3,6,2,10,13,6,,0,0,1,0,0
"POINT (9.736250547000054 52.383995829000071)",Unfall 3600 (2021) Kat:3, Licht: 0,3600,3,4,6,10,17,7,,0,1,0,1,0
"POINT (9.718772751000074 52.365386110000031)",Unfall 3601 (2021) Kat:2, Licht: 2,3601,2,7,0,10,03,5,,2,1,0,0,0
"POINT (9.685589661000051 52.411062372000060)",Unfall 3602 (2021) Kat:3, Licht: 0,3602,3,4,6,10,17,3,,0,0,1,1,0
"POINT (9.303858807000040 52.490674178000063)",Unfall 3603 (2021) Kat:2, Licht: 0,3603,2,3,5,11,13,3,,0,1,1,0,0
"POINT (9.444800173000033 52.418562864000080)",Unfall 3604 (2021) Kat:3, Licht: 0,3604,3,7,9,11,08,2,,0,0,0,1,0
"POINT (10.000711026000033 52.445704412000055)",Unfall 3605 (2021) Kat:3, Licht: 1,3605,3,6,2,11,16,2,,1,0,1,0,0
"POINT (9.774360206000040 52.363855515000068)",Unfall 3606 (2021) Kat:3, Licht: 0,3606,3,6,2,10,08,5,,0,0,1,0,0
"POINT (9.742077361000042 52.369025002000058)",Unfall 3607 (2021) Kat:3, Licht: 2,3607,3,1,0,11,04,7,,2,0,0,0,0
"POINT (9.710495522000031 52.341982311000038)",Unfall 3608 (2021) Kat:3, Licht: 0,3608,3,4,6,10,15,5,,0,0,0,1,0
"POINT (9.711223348000033 52.372177913000030)",Unfall 3609 (2021) Kat:2, Licht: 1,3609,2,1,0,11,07,7,,1,1,0,0,0
"POINT (9.734992990000023 52.380369434000045)",Unfall 3610 (2021) Kat:3, Licht: 0,3610,3,2,2,11,12,6,,0,1,1,0,0
"POINT (9.716146278000053 52.362312218000056)",Unfall 3611 (2021) Kat:3, Licht: 1,3611,3,2,6,10,17,1,,1,0,1,1,0
"POINT (9.655249977000040 52.339739548000068)",Unfall 3612 (2021) Kat:3, Licht: 2,3612,3,6,8,10,19,4,,2,0,1,0,0
"POINT (9.765994414000033 52.337307200000055)",Unfall 3613 (2021) Kat:3, Licht: 0,3613,3,7,0,10,16,6,,0,1,0,0,0
"POINT (9.857045431000074 52.366871736000064)",Unfall 3614 (2021) Kat:3, Licht: 0,3614,3,1,8,10,16,2,,0,0,1,0,0
"POINT (9.719302458000072 52.374488143000065)",Unfall 3615 (2021) Kat:3, Licht: 0,3615,3,3,5,11,07,4,,0,1,1,0,0
"POINT (9.978966293000042 52.376789820000056)",Unfall 3616 (2021) Kat:3, Licht: 0,3616,3,3,5,10,11,2,,0,1,1,0,0
"POINT (9.592828890000021 52.424758298000029)",Unfall 3617 (2021) Kat:3, Licht: 0,3617,3,2,5,11,11,6,,0,1,1,0,0
"POINT (9.741727724000043 52.398598960000072)",Unfall 3618 (2021) Kat:3, Licht: 0,3618,3,3,0,11,09,6,,0,1,0,0,0
"POINT (9.800935473000038 52.352554951000059)",Unfall 3619 (2021) Kat:3, Licht: 0,3619,3,1,0,10,08,4,,0,1,0,0,0
"POINT (9.459885643000064 52.397373130000062)",Unfall 3620 (2021) Kat:3, Licht: 0,3620,3,7,9,10,11,6,,0,0,1,0,0
"POINT (9.848273955000025 52.494606382000029)",Unfall 3621 (2021) Kat:3, Licht: 2,3621,3,3,5,11,05,3,,2,0,1,0,0
"POINT (9.663193271000068 52.317399426000065)",Unfall 3622 (2021) Kat:3, Licht: 0,3622,3,7,6,10,09,2,,0,0,1,1,0
"POINT (9.831829254000070 52.424168239000039)",Unfall 3623 (2021) Kat:3, Licht: 0,3623,3,3,5,10,12,4,,0,1,1,0,0
"POINT (9.773884553000073 52.400750610000046)",Unfall 3624 (2021) Kat:3, Licht: 0,3624,3,3,5,11,11,2,,0,0,1,0,0
"POINT (9.706019688000026 52.390463023000052)",Unfall 3625 (2021) Kat:3, Licht: 0,3625,3,4,6,10,10,2,,0,0,1,1,0
"POINT (9.723955098000033 52.437362955000026)",Unfall 3626 (2021) Kat:3, Licht: 0,3626,3,7,1,11,16,2,,0,0,1,0,0
"POINT (9.737381521000032 52.371971875000042)",Unfall 3627 (2021) Kat:3, Licht: 1,3627,3,5,1,10,18,4,,1,0,1,0,0
"POINT (9.821174523000025 52.418703158000028)",Unfall 3628 (2021) Kat:3, Licht: 0,3628,3,3,5,11,16,3,,0,1,1,0,0
"POINT (9.773366569000075 52.400402079000060)",Unfall 3629 (2021) Kat:3, Licht: 0,3629,3,3,5,11,13,3,,0,1,1,0,0
"POINT (9.726715360000071 52.384022995000066)",Unfall 3630 (2021) Kat:3, Licht: 2,3630,3,3,5,11,19,4,,2,0,1,0,0
"POINT (9.791786864000073 52.403170782000075)",Unfall 3631 (2021) Kat:3, Licht: 0,3631,3,2,3,10,16,3,,0,1,1,0,0
"POINT (9.728374476000056 52.377883522000047)",Unfall 3632 (2021) Kat:3, Licht: 2,3632,3,2,5,10,19,7,,2,0,1,0,0
"POINT (9.758924073000060 52.366541174000076)",Unfall 3633 (2021) Kat:3, Licht: 0,3633,3,3,0,10,08,6,,0,1,1,0,0
"POINT (9.841450437000049 52.421040245000029)",Unfall 3634 (2021) Kat:3, Licht: 0,3634,3,4,0,11,14,5,,0,0,1,1,0
"POINT (9.742165240000077 52.438600000000065)",Unfall 3635 (2021) Kat:3, Licht: 0,3635,3,3,5,10,09,2,,0,1,1,0,0
"POINT (9.743008319000069 52.396659943000031)",Unfall 3636 (2021) Kat:2, Licht: 2,3636,2,3,5,10,00,7,,2,1,1,0,0
"POINT (9.850952618000065 52.412779578000027)",Unfall 3637 (2021) Kat:3, Licht: 1,3637,3,1,9,10,06,2,,1,0,1,0,0
"POINT (9.781567536000068 52.420019009000043)",Unfall 3638 (2021) Kat:3, Licht: 0,3638,3,3,5,11,08,6,,0,0,1,0,0
"POINT (9.647805310000024 52.370124646000079)",Unfall 3639 (2021) Kat:3, Licht: 2,3639,3,3,5,10,19,2,,2,1,1,0,0
"POINT (9.740990687000021 52.366172164000034)",Unfall 3640 (2021) Kat:3, Licht: 2,3640,3,7,0,11,19,5,,2,0,0,0,0
"POINT (9.678181723000023 52.395676554000033)",Unfall 3641 (2021) Kat:3, Licht: 0,3641,3,2,5,11,10,4,,0,0,1,0,0
"POINT (9.733686446000036 52.379654246000030)",Unfall 3642 (2021) Kat:3, Licht: 2,3642,3,2,5,10,00,7,,2,0,1,0,0
"POINT (9.739685455000028 52.383250095000051)",Unfall 3643 (2021) Kat:3, Licht: 0,3643,3,5,1,10,15,3,,0,0,1,0,0
"POINT (9.730526491000035 52.391260925000040)",Unfall 3644 (2021) Kat:3, Licht: 0,3644,3,2,5,11,15,6,,0,0,1,0,0
"POINT (9.722981854000068 52.372599332000050)",Unfall 3645 (2021) Kat:3, Licht: 0,3645,3,5,3,10,10,6,,0,1,1,0,0
"POINT (9.817151277000050 52.355456562000029)",Unfall 3646 (2021) Kat:3, Licht: 2,3646,3,7,1,10,04,6,,2,1,0,0,0
"POINT (9.725375916000075 52.380387996000081)",Unfall 3647 (2021) Kat:3, Licht: 0,3647,3,6,2,11,10,6,,0,0,1,0,1
"POINT (9.458150626000076 52.507704791000037)",Unfall 3648 (2021) Kat:3, Licht: 0,3648,3,3,5,10,16,6,,0,1,1,0,0
"POINT (9.744895939000060 52.324886478000053)",Unfall 3649 (2021) Kat:3, Licht: 1,3649,3,3,5,10,07,3,,1,1,1,0,0
"POINT (9.755127126000048 52.344513250000034)",Unfall 3650 (2021) Kat:3, Licht: 2,3650,3,7,0,10,03,1,,2,1,0,0,0
"POINT (9.472860853000043 52.427192877000039)",Unfall 3651 (2021) Kat:3, Licht: 0,3651,3,4,6,11,08,3,,0,1,0,1,0
"POINT (9.744846583000026 52.372506519000069)",Unfall 3652 (2021) Kat:3, Licht: 0,3652,3,2,5,10,13,4,,0,1,1,0,0
"POINT (9.781265305000034 52.406608059000064)",Unfall 3653 (2021) Kat:3, Licht: 0,3653,3,7,6,11,13,3,,0,0,0,1,0
"POINT (10.099969156000043 52.385431926000081)",Unfall 3654 (2021) Kat:2, Licht: 0,3654,2,1,0,10,14,6,,0,1,0,0,0
"POINT (9.733810386000073 52.384690844000033)",Unfall 3655 (2021) Kat:3, Licht: 2,3655,3,6,2,11,17,1,,2,0,1,0,0
"POINT (9.737089829000070 52.375996527000041)",Unfall 3656 (2021) Kat:3, Licht: 0,3656,3,2,5,10,15,6,,0,1,1,0,0
"POINT (9.708196402000056 52.367179988000032)",Unfall 3657 (2021) Kat:3, Licht: 0,3657,3,3,5,10,09,2,,0,0,0,0,1
"POINT (9.742708434000065 52.439712142000076)",Unfall 3658 (2021) Kat:3, Licht: 0,3658,3,1,0,10,08,3,,0,0,0,0,0
"POINT (9.750587417000077 52.375561260000040)",Unfall 3659 (2021) Kat:3, Licht: 2,3659,3,6,2,11,23,7,,2,0,1,0,1
"POINT (9.553334175000032 52.212007576000076)",Unfall 3660 (2021) Kat:3, Licht: 0,3660,3,3,5,11,07,3,,0,1,1,0,0
"POINT (9.736014021000074 52.385717782000029)",Unfall 3661 (2021) Kat:3, Licht: 0,3661,3,3,5,10,12,3,,0,1,1,0,0
"POINT (9.810503193000045 52.354808827000056)",Unfall 3662 (2021) Kat:3, Licht: 0,3662,3,1,0,11,11,6,,0,1,0,0,0
"POINT (9.772863973000028 52.361326840000061)",Unfall 3663 (2021) Kat:3, Licht: 0,3663,3,6,2,10,15,1,,0,0,1,0,0
"POINT (9.754187320000028 52.410280333000060)",Unfall 3664 (2021) Kat:3, Licht: 2,3664,3,3,5,11,15,5,,2,0,1,0,0
"POINT (9.729695739000022 52.355514907000043)",Unfall 3665 (2021) Kat:3, Licht: 2,3665,3,3,5,11,20,2,,2,1,1,0,0
"POINT (9.819445961000042 52.429410705000066)",Unfall 3666 (2021) Kat:3, Licht: 0,3666,3,3,5,10,16,2,,0,0,1,0,0
"POINT (9.730723298000044 52.337761988000068)",Unfall 3667 (2021) Kat:3, Licht: 0,3667,3,7,0,10,17,2,,0,1,0,0,0
"POINT (9.714271852000024 52.343711791000032)",Unfall 3668 (2021) Kat:3, Licht: 0,3668,3,7,0,11,11,2,,0,1,0,0,0
"POINT (9.821166114000050 52.283467790000032)",Unfall 3669 (2021) Kat:3, Licht: 0,3669,3,7,0,10,14,7,,0,1,0,0,0
"POINT (9.833736908000049 52.275680429000033)",Unfall 3670 (2021) Kat:3, Licht: 2,3670,3,1,0,10,18,7,,2,0,0,0,1
"POINT (9.857081493000067 52.366785200000038)",Unfall 3671 (2021) Kat:3, Licht: 0,3671,3,4,6,11,13,5,,0,0,1,1,0
"POINT (9.711093211000048 52.431728547000034)",Unfall 3672 (2021) Kat:3, Licht: 0,3672,3,1,0,10,12,7,,0,0,0,0,1
"POINT (9.663736611000047 52.383879274000037)",Unfall 3673 (2021) Kat:3, Licht: 0,3673,3,7,0,10,16,4,,0,1,0,0,0