WKT,Name,OBJECTID,UKATEGORIE,UTYP1,UART,UMONAT,USTUNDE,UWOCHENTAG,STRZUSTAND,ULICHTVERH,ISTRAD,ISTPKW,ISTFUSS,ISTKRAD
"POINT (9.749802930000044 52.366794557000048)",Unfall 3674 (2021) Kat:3, Licht: 2,3674,3,1,0,11,00,7,,2,0,0,0,0
"POINT (9.458169624000050 52.503222468000047)",Unfall 3675 (2021) Kat:2, Licht: 0,3675,2,7,0,11,11,3,,0,1,0,0,0
"POINT (9.748699642000076 52.396831029000055)",Unfall 3676 (2021) Kat:3, Licht: 0,3676,3,6,4,10,17,7,,0,1,0,0,0
"POINT (9.765231525000047 52.342765482000061)",Unfall 3677 (2021) Kat:3, Licht: 2,3677,3,2,5,11,23,5,,2,1,1,0,0
"POINT (9.734865256000035 52.380266186000028)",Unfall 3678 (2021) Kat:3, Licht: 0,3678,3,3,5,11,15,2,,0,0,1,0,0
"POINT (9.737575347000075 52.388115610000057)",Unfall 3679 (2021) Kat:3, Licht: 0,3679,3,5,1,11,13,4,,0,1,1,0,0
"POINT (9.602434742000071 52.421208249000074)",Unfall 3680 (2021) Kat:2, Licht: 0,3680,2,4,6,11,14,6,,0,0,1,1,0
"POINT (9.460792097000024 52.500760134000075)",Unfall 3681 (2021) Kat:3, Licht: 0,3681,3,7,0,10,10,1,,0,1,0,0,0
"POINT (9.763909927000043 52.397265183000059)",Unfall 3682 (2021) Kat:3, Licht: 0,3682,3,3,5,11,15,4,,0,0,1,0,0
"POINT (9.494151359000057 52.420590857000036)",Unfall 3683 (2021) Kat:3, Licht: 1,3683,3,6,2,10,07,3,,1,0,1,0,0
"POINT (9.760413670000048 52.369532846000027)",Unfall 3684 (2021) Kat:3, Licht: 0,3684,3,4,6,10,17,7,,0,1,0,1,0
"POINT (9.854273589000059 52.391410696000037)",Unfall 3685 (2021) Kat:3, Licht: 0,3685,3,6,4,11,07,4,,0,1,0,1,0
"POINT (9.762958354000034 52.356821254000067)",Unfall 3686 (2021) Kat:3, Licht: 0,3686,3,2,5,11,11,3,,0,1,1,0,0
"POINT (9.604159990000028 52.416789201000029)",Unfall 3687 (2021) Kat:3, Licht: 0,3687,3,7,2,10,14,2,,0,0,1,0,1
"POINT (9.689229952000062 52.332844265000062)",Unfall 3688 (2021) Kat:3, Licht: 1,3688,3,7,6,10,07,6,,1,0,1,1,0
"POINT (9.738773490000028 52.363362723000080)",Unfall 3689 (2021) Kat:2, Licht: 2,3689,2,2,5,11,17,4,,2,1,1,0,0
"POINT (9.747899246000031 52.378284335000046)",Unfall 3690 (2021) Kat:3, Licht: 2,3690,3,6,2,11,17,2,,2,0,1,0,0
"POINT (9.873381288000076 52.356650885000079)",Unfall 3691 (2021) Kat:3, Licht: 0,3691,3,3,5,10,17,3,,0,0,1,0,0
"POINT (9.755032711000069 52.258021112000051)",Unfall 3692 (2021) Kat:3, Licht: 0,3692,3,6,4,11,13,3,,0,1,0,0,0
"POINT (9.692364696000027 52.397376906000034)",Unfall 3693 (2021) Kat:3, Licht: 0,3693,3,5,1,10,10,5,,0,0,1,0,0
"POINT (9.770822120000048 52.264608664000036)",Unfall 3694 (2021) Kat:3, Licht: 2,3694,3,4,6,11,17,6,,2,0,1,1,0
"POINT (9.980592338000065 52.374904032000074)",Unfall 3695 (2021) Kat:3, Licht: 2,3695,3,1,8,11,21,5,,2,1,1,0,0
"POINT (9.750872069000025 52.410537810000051)",Unfall 3696 (2021) Kat:3, Licht: 2,3696,3,6,2,11,18,5,,2,0,1,0,0
"POINT (10.004163572000039 52.445813446000045)",Unfall 3697 (2021) Kat:3, Licht: 2,3697,3,1,5,10,20,2,,2,1,1,0,0
"POINT (9.990288240000041 52.446839684000054)",Unfall 3698 (2021) Kat:3, Licht: 0,3698,3,6,3,10,14,6,,0,1,1,0,0
"POINT (9.726370014000054 52.377290071000061)",Unfall 3699 (2021) Kat:3, Licht: 0,3699,3,6,2,10,14,6,,0,0,1,0,0
"POINT (9.725208142000042 52.371472656000037)",Unfall 3700 (2021) Kat:2, Licht: 2,3700,2,3,6,10,05,7,,2,0,0,1,0
"POINT (9.825483367000061 52.295498879000036)",Unfall 3701 (2021) Kat:3, Licht: 0,3701,3,2,5,11,10,2,,0,0,1,0,0
"POINT (9.821060476000071 52.347428170000057)",Unfall 3702 (2021) Kat:3, Licht: 0,3702,3,5,1,10,12,2,,0,1,1,0,0
"POINT (9.869114548000027 52.367807251000045)",Unfall 3703 (2021) Kat:3, Licht: 2,3703,3,3,5,10,06,4,,2,0,1,0,0
"POINT (9.710330356000043 52.360233530000073)",Unfall 3704 (2021) Kat:3, Licht: 0,3704,3,2,5,10,16,2,,0,1,1,0,0
"POINT (9.320397221000064 52.490518828000063)",Unfall 3705 (2021) Kat:3, Licht: 0,3705,3,6,4,10,17,1,,0,0,1,0,0
"POINT (9.734034942000051 52.550835347000032)",Unfall 3706 (2021) Kat:3, Licht: 0,3706,3,2,0,11,14,3,,0,1,1,0,0
"POINT (9.836070490000054 52.341690836000055)",Unfall 3707 (2021) Kat:2, Licht: 1,3707,2,4,6,10,18,2,,1,0,0,1,0
"POINT (9.734750636000058 52.376694403000045)",Unfall 3708 (2021) Kat:3, Licht: 0,3708,3,1,0,10,10,3,,0,1,0,0,0
"POINT (10.094902161000050 52.485431232000053)",Unfall 3709 (2021) Kat:3, Licht: 2,3709,3,2,2,10,19,2,,2,1,1,0,0
"POINT (9.762646891000031 52.415986000000032)",Unfall 3710 (2021) Kat:3, Licht: 0,3710,3,2,3,11,14,2,,0,1,1,0,0
"POINT (9.709194449000051 52.341836342000079)",Unfall 3711 (2021) Kat:3, Licht: 1,3711,3,2,4,11,16,4,,1,1,1,0,0
"POINT (9.731651972000066 52.406128564000028)",Unfall 3712 (2021) Kat:3, Licht: 0,3712,3,7,0,10,12,5,,0,0,1,0,0
"POINT (9.693896706000032 52.400986174000082)",Unfall 3713 (2021) Kat:3, Licht: 0,3713,3,3,5,10,13,6,,0,0,1,0,0
"POINT (9.792881089000048 52.374765448000062)",Unfall 3714 (2021) Kat:3, Licht: 0,3714,3,7,0,11,13,2,,0,1,0,0,0
"POINT (9.456605842000045 52.504786177000028)",Unfall 3715 (2021) Kat:3, Licht: 0,3715,3,7,2,10,15,5,,0,0,0,0,0
"POINT (9.495190710000031 52.305421433000049)",Unfall 3716 (2021) Kat:3, Licht: 0,3716,3,1,0,10,17,7,,0,1,0,0,0
"POINT (10.091984800000034 52.390198524000027)",Unfall 3717 (2021) Kat:3, Licht: 0,3717,3,3,0,11,12,2,,0,1,1,0,0
"POINT (9.730126822000045 52.361778420000064)",Unfall 3718 (2021) Kat:3, Licht: 1,3718,3,6,2,10,17,5,,1,0,1,0,0
"POINT (9.722396314000036 52.388273460000050)",Unfall 3719 (2021) Kat:3, Licht: 0,3719,3,3,5,11,09,3,,0,1,1,0,0
"POINT (9.747727657000041 52.387464958000066)",Unfall 3720 (2021) Kat:3, Licht: 0,3720,3,5,3,10,14,6,,0,1,1,0,0
"POINT (10.005422692000025 52.452375050000057)",Unfall 3721 (2021) Kat:3, Licht: 0,3721,3,1,5,10,10,2,,0,0,1,0,0
"POINT (9.759212846000025 52.361675808000030)",Unfall 3722 (2021) Kat:3, Licht: 1,3722,3,1,0,11,07,5,,1,1,0,0,0
"POINT (9.759616781000034 52.335207381000032)",Unfall 3723 (2021) Kat:3, Licht: 2,3723,3,2,4,11,18,2,,2,1,1,0,0
"POINT (9.723177553000028 52.368859794000059)",Unfall 3724 (2021) Kat:3, Licht: 2,3724,3,3,5,11,18,4,,2,0,1,0,0
"POINT (9.775255557000037 52.411748042000056)",Unfall 3725 (2021) Kat:3, Licht: 0,3725,3,3,5,11,12,4,,0,0,1,0,0
"POINT (9.718723399000055 52.369426982000050)",Unfall 3726 (2021) Kat:2, Licht: 2,3726,2,1,0,10,22,7,,2,0,0,0,0
"POINT (9.728573256000061 52.378057001000059)",Unfall 3727 (2021) Kat:3, Licht: 0,3727,3,3,0,11,09,3,,0,1,1,0,0
"POINT (9.966816085000062 52.367371245000072)",Unfall 3728 (2021) Kat:3, Licht: 0,3728,3,7,1,10,17,1,,0,0,1,0,0
"POINT (9.705572470000050 52.374102007000033)",Unfall 3729 (2021) Kat:3, Licht: 0,3729,3,7,0,11,13,6,,0,1,0,0,0
"POINT (9.734016713000074 52.384523956000066)",Unfall 3730 (2021) Kat:3, Licht: 0,3730,3,6,3,10,15,2,,0,0,1,0,0
"POINT (9.793320662000042 52.403440393000039)",Unfall 3731 (2021) Kat:2, Licht: 0,3731,2,7,7,11,11,3,,0,1,0,0,0
"POINT (9.722115005000035 52.353040229000044)",Unfall 3732 (2021) Kat:3, Licht: 0,3732,3,1,0,10,15,6,,0,1,0,0,0
"POINT (9.763328145000060 52.401578853000046)",Unfall 3733 (2021) Kat:3, Licht: 0,3733,3,3,5,11,16,4,,0,1,1,0,0
"POINT (9.776287172000025 52.401800265000077)",Unfall 3734 (2021) Kat:3, Licht: 0,3734,3,3,5,10,17,3,,0,1,1,0,0
"POINT (9.725294224000038 52.339527314000065)",Unfall 3735 (2021) Kat:3, Licht: 0,3735,3,2,4,10,17,5,,0,0,1,0,0
"POINT (9.585071198000037 52.422372927000026)",Unfall 3736 (2021) Kat:3, Licht: 2,3736,3,1,0,11,16,7,,2,1,0,0,0
"POINT (9.689212026000064 52.377127894000068)",Unfall 3737 (2021) Kat:3, Licht: 0,3737,3,7,0,10,16,5,,0,1,0,0,0
"POINT (9.738955935000035 52.377050531000066)",Unfall 3738 (2021) Kat:3, Licht: 0,3738,3,7,0,11,10,3,,0,1,0,0,0
"POINT (9.747791777000032 52.437571497000079)",Unfall 3739 (2021) Kat:3, Licht: 0,3739,3,3,5,10,16,3,,0,1,0,0,0
"POINT (9.748699642000076 52.396831029000055)",Unfall 3740 (2021) Kat:3, Licht: 0,3740,3,2,4,11,13,6,,0,1,1,0,0
"POINT (9.767704619000028 52.410338032000027)",Unfall 3741 (2021) Kat:3, Licht: 0,3741,3,2,5,10,09,4,,0,1,1,0,0
"POINT (9.736553054000069 52.474133637000079)",Unfall 3742 (2021) Kat:3, Licht: 0,3742,3,6,3,10,17,4,,0,1,0,0,0
"POINT (9.738119417000064 52.381817467000076)",Unfall 3743 (2021) Kat:3, Licht: 0,3743,3,2,5,10,10,4,,0,1,1,0,0
"POINT (9.744043899000076 52.372236922000070)",Unfall 3744 (2021) Kat:3, Licht: 0,3744,3,7,0,11,08,2,,0,1,0,0,0
"POINT (9.597505946000069 52.420738387000029)",Unfall 3745 (2021) Kat:3, Licht: 1,3745,3,2,0,10,17,6,,1,1,1,1,0
"POINT (9.803080493000039 52.396584819000054)",Unfall 3746 (2021) Kat:2, Licht: 0,3746,2,3,5,11,07,4,,0,1,0,0,0
"POINT (9.730024961000026 52.375020946000063)",Unfall 3747 (2021) Kat:3, Licht: 2,3747,3,2,3,11,18,7,,2,0,1,0,0
"POINT (9.858745404000047 52.361074812000027)",Unfall 3748 (2021) Kat:3, Licht: 1,3748,3,4,6,11,16,3,,1,0,1,1,0
"POINT (9.714990623000062 52.361993553000048)",Unfall 3749 (2021) Kat:3, Licht: 0,3749,3,6,2,10,11,6,,0,0,1,0,0
"POINT (9.724766838000050 52.384793006000052)",Unfall 3750 (2021) Kat:3, Licht: 0,3750,3,2,2,10,16,7,,0,1,1,0,0
"POINT (9.723258445000056 52.394848878000062)",Unfall 3751 (2021) Kat:3, Licht: 2,3751,3,4,6,11,18,7,,2,0,1,1,0
"POINT (9.804891780000048 52.410074773000076)",Unfall 3752 (2021) Kat:3, Licht: 0,3752,3,3,5,10,12,5,,0,1,1,0,0
"POINT (9.433270304000075 52.423940869000035)",Unfall 3753 (2021) Kat:3, Licht: 2,3753,3,3,5,11,20,3,,2,1,1,0,0
"POINT (9.487119803000041 52.304593419000071)",Unfall 3754 (2021) Kat:3, Licht: 0,3754,3,2,5,10,14,6,,0,0,1,0,0
"POINT (9.971094354000059 52.364843655000072)",Unfall 3755 (2021) Kat:3, Licht: 0,3755,3,2,6,11,07,6,,0,0,1,1,0
"POINT (9.707304238000063 52.373743886000057)",Unfall 3756 (2021) Kat:3, Licht: 0,3756,3,7,1,10,09,1,,0,1,1,0,0
"POINT (9.869284909000044 52.509674928000038)",Unfall 3757 (2021) Kat:3, Licht: 0,3757,3,3,5,10,15,4,,0,1,1,0,0
"POINT (9.717944779000049 52.362631987000043)",Unfall 3758 (2021) Kat:3, Licht: 2,3758,3,7,1,10,02,6,,2,1,1,0,0
"POINT (9.720422231000043 52.397374079000031)",Unfall 3759 (2021) Kat:3, Licht: 0,3759,3,3,5,10,14,2,,0,0,1,0,0
"POINT (9.785864253000057 52.397997572000065)",Unfall 3760 (2021) Kat:3, Licht: 0,3760,3,3,5,11,12,2,,0,0,1,0,0
"POINT (9.821095892000073 52.346951114000035)",Unfall 3761 (2021) Kat:3, Licht: 2,3761,3,1,0,10,18,5,,2,0,0,0,1
"POINT (9.718304920000037 52.373394064000081)",Unfall 3762 (2021) Kat:2, Licht: 0,3762,2,1,0,10,15,5,,0,1,0,0,0
"POINT (9.766501407000021 52.357752945000072)",Unfall 3763 (2021) Kat:3, Licht: 0,3763,3,6,2,10,16,2,,0,0,1,0,0
"POINT (9.977686560000052 52.375334188000068)",Unfall 3764 (2021) Kat:3, Licht: 0,3764,3,3,5,10,15,4,,0,1,1,0,0
"POINT (9.735983547000046 52.441154863000065)",Unfall 3765 (2021) Kat:3, Licht: 0,3765,3,3,5,10,14,3,,0,1,1,0,0
"POINT (9.735930166000060 52.441060780000043)",Unfall 3766 (2021) Kat:3, Licht: 2,3766,3,1,8,10,03,7,,2,0,1,0,0
"POINT (9.720429187000036 52.391419597000038)",Unfall 3767 (2021) Kat:3, Licht: 0,3767,3,1,0,11,09,5,,0,1,0,0,0
"POINT (9.487055548000058 52.304549371000064)",Unfall 3768 (2021) Kat:3, Licht: 0,3768,3,3,5,11,13,2,,0,1,1,0,0
"POINT (9.412698516000034 52.432288506000077)",Unfall 3769 (2021) Kat:3, Licht: 0,3769,3,2,3,10,18,1,,0,1,0,0,0
"POINT (9.620100291000028 52.439725011000064)",Unfall 3770 (2021) Kat:2, Licht: 2,3770,2,7,9,11,04,6,,2,0,1,0,0
"POINT (9.638838960000044 52.443273478000037)",Unfall 3771 (2021) Kat:2, Licht: 0,3771,2,6,3,10,08,2,,0,1,1,0,0
"POINT (9.773341984000069 52.350848411000072)",Unfall 3772 (2021) Kat:2, Licht: 0,3772,2,7,0,10,11,1,,0,1,0,0,0
"POINT (9.815605221000055 52.395883880000042)",Unfall 3773 (2021) Kat:3, Licht: 1,3773,3,3,5,11,16,5,,1,0,1,0,0
"POINT (9.728256166000051 52.374263579000058)",Unfall 3774 (2021) Kat:3, Licht: 0,3774,3,2,5,10,16,3,,0,1,1,0,0
"POINT (9.626682620000054 52.394940435000080)",Unfall 3775 (2021) Kat:3, Licht: 1,3775,3,5,3,11,16,3,,1,1,1,0,0
"POINT (9.736856546000070 52.376726479000070)",Unfall 3776 (2021) Kat:3, Licht: 0,3776,3,4,6,11,15,2,,0,0,1,1,0
"POINT (9.728070683000055 52.395579084000076)",Unfall 3777 (2021) Kat:3, Licht: 0,3777,3,3,5,10,15,7,,0,0,1,0,1
"POINT (9.739756185000033 52.369471468000029)",Unfall 3778 (2021) Kat:3, Licht: 2,3778,3,6,2,10,22,3,,2,0,1,0,0
"POINT (9.750369628000044 52.380097370000044)",Unfall 3779 (2021) Kat:3, Licht: 0,3779,3,5,1,11,13,4,,0,1,0,0,0
"POINT (9.737660770000048 52.387778446000027)",Unfall 3780 (2021) Kat:3, Licht: 0,3780,3,4,6,10,11,6,,0,0,1,1,0
"POINT (9.734902650000038 52.370129624000072)",Unfall 3781 (2021) Kat:3, Licht: 2,3781,3,3,5,10,23,5,,2,0,1,0,0
"POINT (9.743328113000075 52.357565543000078)",Unfall 3782 (2021) Kat:3, Licht: 0,3782,3,7,8,10,12,1,,0,0,1,0,0
"POINT (9.781593173000033 52.415577842000062)",Unfall 3783 (2021) Kat:3, Licht: 2,3783,3,2,4,11,18,2,,2,0,1,0,0
"POINT (9.825611050000020 52.378683818000070)",Unfall 3784 (2021) Kat:3, Licht: 0,3784,3,5,0,11,10,5,,0,1,1,0,0
"POINT (9.735922643000038 52.441047521000030)",Unfall 3785 (2021) Kat:3, Licht: 0,3785,3,6,2,10,16,3,,0,0,1,0,0
"POINT (9.714579952000065 52.371142273000032)",Unfall 3786 (2021) Kat:3, Licht: 0,3786,3,6,4,10,14,5,,0,1,0,0,0
"POINT (9.762926993000065 52.407951151000077)",Unfall 3787 (2021) Kat:3, Licht: 0,3787,3,3,0,10,11,3,,0,0,1,0,1
"POINT (9.724745860000041 52.368426767000074)",Unfall 3788 (2021) Kat:3, Licht: 0,3788,3,2,5,10,16,5,,0,1,1,0,0
"POINT (9.611736224000026 52.446951863000038)",Unfall 3789 (2021) Kat:3, Licht: 2,3789,3,3,5,11,06,3,,2,1,1,0,0
"POINT (9.781032598000024 52.403912861000038)",Unfall 3790 (2021) Kat:2, Licht: 2,3790,2,3,5,10,05,4,,2,1,1,0,0
"POINT (9.728917804000048 52.394008814000074)",Unfall 3791 (2021) Kat:3, Licht: 2,3791,3,4,6,11,17,5,,2,0,1,1,0
"POINT (9.747209296000051 52.373688358000038)",Unfall 3792 (2021) Kat:3, Licht: 2,3792,3,2,5,11,17,5,,2,1,1,0,0
"POINT (9.694527864000065 52.353069797000046)",Unfall 3793 (2021) Kat:3, Licht: 0,3793,3,6,2,10,16,4,,0,0,1,0,0
"POINT (9.586094366000054 52.585712521000062)",Unfall 3794 (2021) Kat:3, Licht: 0,3794,3,7,0,10,15,4,,0,1,0,0,0
"POINT (9.859713785000054 52.396289427000056)",Unfall 3795 (2021) Kat:3, Licht: 0,3795,3,3,5,10,13,6,,0,0,1,0,0
"POINT (9.469474699000045 52.299935439000080)",Unfall 3796 (2021) Kat:3, Licht: 0,3796,3,1,0,10,11,6,,0,0,0,0,0
"POINT (9.733283618000030 52.392267567000033)",Unfall 3797 (2021) Kat:3, Licht: 1,3797,3,3,5,11,07,2,,1,0,1,0,0
"POINT (9.702749108000035 52.372091720000071)",Unfall 3798 (2021) Kat:3, Licht: 1,3798,3,3,5,10,07,2,,1,1,1,0,0
"POINT (9.733810386000073 52.384690844000033)",Unfall 3799 (2021) Kat:3, Licht: 0,3799,3,2,5,10,10,4,,0,1,1,0,0
"POINT (9.797315122000043 52.351866366000081)",Unfall 3800 (2021) Kat:3, Licht: 0,3800,3,6,2,10,16,4,,0,0,1,0,0
"POINT (9.704798337000057 52.374376972000050)",Unfall 3801 (2021) Kat:3, Licht: 2,3801,3,6,2,10,20,4,,2,0,1,0,0
"POINT (9.710908042000028 52.359325055000056)",Unfall 3802 (2021) Kat:3, Licht: 0,3802,3,3,5,10,10,1,,0,0,1,0,0
"POINT (9.708590516000072 52.401110202000041)",Unfall 3803 (2021) Kat:3, Licht: 1,3803,3,1,0,11,07,5,,1,0,0,0,0
"POINT (9.711091100000033 52.371045105000064)",Unfall 3804 (2021) Kat:3, Licht: 0,3804,3,4,6,11,08,5,,0,1,0,1,0
"POINT (9.809664707000024 52.404869836000046)",Unfall 3805 (2021) Kat:3, Licht: 0,3805,3,4,6,10,17,4,,0,0,1,1,0
"POINT (9.839038070000072 52.357723218000046)",Unfall 3806 (2021) Kat:3, Licht: 2,3806,3,7,0,10,05,1,,2,1,0,0,0
"POINT (9.742592801000058 52.365063058000032)",Unfall 3807 (2021) Kat:2, Licht: 0,3807,2,4,6,12,11,5,,0,1,0,1,0
"POINT (10.198835832000043 52.463713415000029)",Unfall 3808 (2021) Kat:3, Licht: 0,3808,3,7,0,11,10,1,,0,1,0,0,0
"POINT (10.026571723000075 52.451876751000043)",Unfall 3809 (2021) Kat:3, Licht: 0,3809,3,6,2,11,13,6,,0,0,1,0,0
"POINT (9.810255468000037 52.309954922000031)",Unfall 3810 (2021) Kat:3, Licht: 2,3810,3,6,2,12,20,4,,2,0,1,0,0
"POINT (9.980597617000058 52.374942942000075)",Unfall 3811 (2021) Kat:3, Licht: 2,3811,3,2,5,12,08,5,,2,1,1,0,0
"POINT (9.760492582000040 52.360032776000082)",Unfall 3812 (2021) Kat:3, Licht: 2,3812,3,3,5,12,19,1,,2,1,1,0,0
"POINT (9.677953291000051 52.395615787000054)",Unfall 3813 (2021) Kat:3, Licht: 2,3813,3,2,5,11,17,7,,2,0,1,0,0
"POINT (9.760551961000033 52.369476867000060)",Unfall 3814 (2021) Kat:3, Licht: 0,3814,3,4,0,12,12,3,,0,0,1,1,0
"POINT (9.757274594000023 52.354240553000068)",Unfall 3815 (2021) Kat:3, Licht: 0,3815,3,7,0,11,10,7,,0,1,0,0,0
"POINT (9.722601542000064 52.397539388000041)",Unfall 3816 (2021) Kat:3, Licht: 0,3816,3,3,5,12,13,4,,0,1,0,0,1
"POINT (9.730618178000043 52.378526255000054)",Unfall 3817 (2021) Kat:3, Licht: 2,3817,3,2,6,12,18,7,,2,0,1,1,0
"POINT (9.750246601000072 52.380273513000077)",Unfall 3818 (2021) Kat:3, Licht: 0,3818,3,2,4,12,09,7,,0,1,0,0,0
"POINT (9.735217048000038 52.387084127000037)",Unfall 3819 (2021) Kat:3, Licht: 2,3819,3,4,6,11,07,3,,2,0,1,1,0
"POINT (9.704025979000050 52.366864792000058)",Unfall 3820 (2021) Kat:3, Licht: 0,3820,3,7,0,12,15,3,,0,1,0,0,0
"POINT (9.724316453000029 52.346157385000026)",Unfall 3821 (2021) Kat:3, Licht: 0,3821,3,7,0,11,15,3,,0,1,0,0,0
"POINT (9.716015252000034 52.378112085000055)",Unfall 3822 (2021) Kat:3, Licht: 0,3822,3,6,1,11,09,2,,0,1,1,0,0
"POINT (9.762827059000074 52.410286872000029)",Unfall 3823 (2021) Kat:3, Licht: 0,3823,3,2,4,12,14,1,,0,1,1,0,0
"POINT (9.422456456000077 52.425018222000062)",Unfall 3824 (2021) Kat:3, Licht: 2,3824,3,5,1,11,17,5,,2,0,1,0,0
"POINT (10.202740183000060 52.464332906000038)",Unfall 3825 (2021) Kat:3, Licht: 0,3825,3,7,6,11,13,7,,0,0,1,1,0
"POINT (9.782812960000058 52.400666467000065)",Unfall 3826 (2021) Kat:2, Licht: 0,3826,2,4,6,11,13,3,,0,0,0,1,0
"POINT (9.745061449000048 52.480441934000055)",Unfall 3827 (2021) Kat:3, Licht: 2,3827,3,2,6,11,07,5,,2,0,1,1,0
"POINT (9.591925497000034 52.421661886000038)",Unfall 3828 (2021) Kat:3, Licht: 0,3828,3,3,5,12,09,4,,0,1,1,0,0
"POINT (10.007312187000025 52.415625784000042)",Unfall 3829 (2021) Kat:3, Licht: 0,3829,3,2,6,12,11,7,,0,0,1,1,0
"POINT (9.721416849000036 52.379125708000061)",Unfall 3830 (2021) Kat:3, Licht: 0,3830,3,2,2,11,08,3,,0,0,1,0,0
"POINT (9.669826837000073 52.370401547000029)",Unfall 3831 (2021) Kat:3, Licht: 0,3831,3,3,5,11,10,3,,0,0,1,0,0
"POINT (9.747043919000021 52.411183134000055)",Unfall 3832 (2021) Kat:3, Licht: 0,3832,3,6,2,11,08,2,,0,0,1,0,0
"POINT (9.741926752000040 52.378562967000050)",Unfall 3833 (2021) Kat:3, Licht: 2,3833,3,2,0,11,01,1,,2,0,1,0,0
"POINT (9.731980710000073 52.374338696000052)",Unfall 3834 (2021) Kat:3, Licht: 2,3834,3,2,2,12,23,2,,2,1,1,0,0
"POINT (9.669438628000023 52.371011707000036)",Unfall 3835 (2021) Kat:3, Licht: 2,3835,3,7,8,12,20,1,,2,0,1,0,0
"POINT (9.742453399000055 52.375361070000054)",Unfall 3836 (2021) Kat:3, Licht: 0,3836,3,7,0,12,10,4,,0,1,0,0,0
"POINT (10.003296244000069 52.448298818000069)",Unfall 3837 (2021) Kat:3, Licht: 2,3837,3,2,5,11,17,6,,2,0,1,0,0
"POINT (9.740393701000073 52.392909154000051)",Unfall 3838 (2021) Kat:3, Licht: 2,3838,3,2,4,12,19,1,,2,1,1,0,0
"POINT (9.693055468000068 52.365173862000063)",Unfall 3839 (2021) Kat:3, Licht: 0,3839,3,2,5,11,11,3,,0,1,1,0,0
"POINT (9.739104857000029 52.376122930000065)",Unfall 3840 (2021) Kat:3, Licht: 0,3840,3,7,6,12,09,5,,0,1,0,1,0
"POINT (9.803346214000044 52.401045617000079)",Unfall 3841 (2021) Kat:3, Licht: 0,3841,3,4,6,11,07,6,,0,1,0,1,0
"POINT (9.707915617000026 52.367161706000047)",Unfall 3842 (2021) Kat:3, Licht: 0,3842,3,4,0,11,16,2,,0,1,0,1,0
"POINT (9.752359570000067 52.395026437000070)",Unfall 3843 (2021) Kat:3, Licht: 0,3843,3,7,0,11,09,2,,0,1,0,0,0
"POINT (9.835563744000069 52.433841878000067)",Unfall 3844 (2021) Kat:3, Licht: 2,3844,3,1,9,11,22,7,,2,0,1,0,0
"POINT (9.604212438000047 52.417502523000053)",Unfall 3845 (2021) Kat:2, Licht: 0,3845,2,5,1,12,11,2,,0,1,1,0,0
"POINT (9.716211079000061 52.377794071000039)",Unfall 3846 (2021) Kat:3, Licht: 2,3846,3,1,0,12,19,4,,2,1,0,0,0
"POINT (9.725430231000075 52.376996413000029)",Unfall 3847 (2021) Kat:3, Licht: 0,3847,3,6,2,11,13,7,,0,0,1,0,0
"POINT (9.973989486000050 52.383681045000060)",Unfall 3848 (2021) Kat:3, Licht: 2,3848,3,3,5,11,19,4,,2,1,1,0,0
"POINT (9.742099337000070 52.378481434000037)",Unfall 3849 (2021) Kat:1, Licht: 2,3849,1,2,6,11,05,6,,2,0,0,1,0
"POINT (9.594726852000065 52.314488234000066)",Unfall 3850 (2021) Kat:3, Licht: 0,3850,3,3,5,12,10,7,,0,1,1,0,0
"POINT (9.431276629000024 52.418206904000044)",Unfall 3851 (2021) Kat:3, Licht: 0,3851,3,3,5,11,10,2,,0,0,1,0,0
"POINT (9.752073466000070 52.410455859000081)",Unfall 3852 (2021) Kat:2, Licht: 0,3852,2,3,5,12,14,1,,0,1,1,0,0
"POINT (9.568275186000051 52.211859482000079)",Unfall 3853 (2021) Kat:3, Licht: 2,3853,3,2,6,11,19,6,,2,0,1,1,0
"POINT (9.973177239000051 52.373411728000065)",Unfall 3854 (2021) Kat:3, Licht: 0,3854,3,3,5,12,10,6,,0,0,0,0,1
"POINT (9.603316069000073 52.446684002000040)",Unfall 3855 (2021) Kat:3, Licht: 2,3855,3,6,4,12,07,3,,2,1,0,0,0
"POINT (9.753515486000026 52.441529742000057)",Unfall 3856 (2021) Kat:3, Licht: 1,3856,3,3,5,11,08,2,,1,1,1,0,0