WKT,Name,OBJECTID,UKATEGORIE,UTYP1,UART,UMONAT,USTUNDE,UWOCHENTAG,STRZUSTAND,ULICHTVERH,ISTRAD,ISTPKW,ISTFUSS,ISTKRAD
"POINT (9.758081018000041 52.396078350000039)",Unfall 3857 (2021) Kat:3, Licht: 0,3857,3,2,5,11,13,5,,0,1,1,0,0
"POINT (9.744455772000038 52.380808070000057)",Unfall 3858 (2021) Kat:3, Licht: 2,3858,3,2,5,12,18,4,,2,1,1,0,0
"POINT (9.727957731000060 52.375924087000044)",Unfall 3859 (2021) Kat:3, Licht: 0,3859,3,5,1,11,12,3,,0,1,1,0,0
"POINT (9.818582885000069 52.313354528000048)",Unfall 3860 (2021) Kat:3, Licht: 0,3860,3,3,5,12,14,2,,0,0,1,0,0
"POINT (9.760964455000021 52.394475772000078)",Unfall 3861 (2021) Kat:3, Licht: 2,3861,3,1,0,12,04,3,,2,0,0,0,0
"POINT (9.728236364000054 52.389847436000082)",Unfall 3862 (2021) Kat:3, Licht: 0,3862,3,6,2,11,14,1,,0,1,1,0,0
"POINT (9.414186584000049 52.430528461000051)",Unfall 3863 (2021) Kat:2, Licht: 2,3863,2,3,5,11,17,6,,2,0,1,0,0
"POINT (9.718285109000021 52.331518819000053)",Unfall 3864 (2021) Kat:3, Licht: 0,3864,3,2,5,12,11,2,,0,1,1,0,0
"POINT (9.781696690000047 52.400383346000069)",Unfall 3865 (2021) Kat:3, Licht: 2,3865,3,4,6,12,07,4,,2,0,0,1,0
"POINT (9.593989485000066 52.399598445000038)",Unfall 3866 (2021) Kat:3, Licht: 0,3866,3,6,0,11,13,3,,0,0,1,0,1
"POINT (9.744488969000031 52.377197721000073)",Unfall 3867 (2021) Kat:3, Licht: 0,3867,3,2,6,12,08,2,,0,0,1,1,0
"POINT (9.711045407000029 52.439798064000058)",Unfall 3868 (2021) Kat:3, Licht: 2,3868,3,7,8,11,04,2,,2,1,0,0,0
"POINT (9.442794348000064 52.424016907000066)",Unfall 3869 (2021) Kat:3, Licht: 0,3869,3,3,5,11,13,2,,0,1,0,0,0
"POINT (9.729815619000021 52.398275231000071)",Unfall 3870 (2021) Kat:3, Licht: 0,3870,3,2,3,12,15,4,,0,1,0,0,0
"POINT (9.728554979000023 52.377934186000061)",Unfall 3871 (2021) Kat:3, Licht: 2,3871,3,6,2,11,20,7,,2,0,1,0,0
"POINT (10.011927197000034 52.447400486000049)",Unfall 3872 (2021) Kat:3, Licht: 2,3872,3,5,1,11,21,2,,2,0,1,0,0
"POINT (9.694502672000056 52.365397169000062)",Unfall 3873 (2021) Kat:3, Licht: 0,3873,3,7,0,12,15,3,,0,0,0,0,1
"POINT (9.724769760000072 52.384787535000044)",Unfall 3874 (2021) Kat:3, Licht: 2,3874,3,2,5,11,19,1,,2,0,1,0,0
"POINT (9.783092393000061 52.415523680000035)",Unfall 3875 (2021) Kat:3, Licht: 2,3875,3,3,0,12,19,5,,2,0,1,0,0
"POINT (9.448482044000059 52.499159331000044)",Unfall 3876 (2021) Kat:3, Licht: 0,3876,3,2,5,11,12,6,,0,1,0,0,0
"POINT (9.763158784000041 52.416978097000026)",Unfall 3877 (2021) Kat:3, Licht: 2,3877,3,3,5,11,16,5,,2,0,1,0,0
"POINT (9.725579656000036 52.354756404000057)",Unfall 3878 (2021) Kat:2, Licht: 0,3878,2,1,0,12,15,5,,0,0,1,0,1
"POINT (9.818622311000070 52.391862747000062)",Unfall 3879 (2021) Kat:3, Licht: 2,3879,3,7,5,12,18,7,,2,1,1,0,0
"POINT (9.810277264000035 52.301144223000051)",Unfall 3880 (2021) Kat:3, Licht: 2,3880,3,5,1,11,19,6,,2,0,1,0,0
"POINT (9.554944098000021 52.208866362000037)",Unfall 3881 (2021) Kat:3, Licht: 2,3881,3,7,0,11,17,3,,2,1,0,0,0
"POINT (9.655082387000050 52.348344154000074)",Unfall 3882 (2021) Kat:3, Licht: 2,3882,3,3,5,12,18,7,,2,0,1,0,0
"POINT (9.723504576000039 52.371912518000045)",Unfall 3883 (2021) Kat:3, Licht: 2,3883,3,6,2,11,16,3,,2,0,1,0,0
"POINT (9.734355189000041 52.376719797000078)",Unfall 3884 (2021) Kat:3, Licht: 0,3884,3,1,0,11,14,6,,0,1,0,0,0
"POINT (9.805020985000056 52.399648114000058)",Unfall 3885 (2021) Kat:3, Licht: 0,3885,3,6,4,11,13,3,,0,1,0,0,0
"POINT (9.587630535000073 52.416872369000032)",Unfall 3886 (2021) Kat:3, Licht: 2,3886,3,7,0,12,06,2,,2,1,0,0,0
"POINT (9.998933102000024 52.366886711000063)",Unfall 3887 (2021) Kat:3, Licht: 1,3887,3,1,0,12,07,2,,1,1,0,0,0
"POINT (9.667967586000032 52.334065273000078)",Unfall 3888 (2021) Kat:3, Licht: 0,3888,3,1,0,11,15,7,,0,1,0,0,0
"POINT (9.739580955000065 52.389403539000057)",Unfall 3889 (2021) Kat:3, Licht: 2,3889,3,1,0,12,19,1,,2,1,0,0,0
"POINT (9.751532073000021 52.371509113000059)",Unfall 3890 (2021) Kat:3, Licht: 0,3890,3,6,2,12,13,6,,0,0,1,0,0
"POINT (9.717298118000031 52.347450569000046)",Unfall 3891 (2021) Kat:3, Licht: 2,3891,3,6,2,12,19,3,,2,0,1,0,0
"POINT (9.767660996000075 52.396434271000032)",Unfall 3892 (2021) Kat:3, Licht: 2,3892,3,6,2,12,16,5,,2,0,1,0,0
"POINT (9.738081563000037 52.381846038000049)",Unfall 3893 (2021) Kat:3, Licht: 0,3893,3,2,5,12,10,4,,0,1,1,0,0
"POINT (9.980834823000066 52.375921997000034)",Unfall 3894 (2021) Kat:3, Licht: 0,3894,3,3,5,12,10,6,,0,0,1,0,1
"POINT (9.761375895000072 52.265157597000041)",Unfall 3895 (2021) Kat:3, Licht: 0,3895,3,1,0,12,09,4,,0,1,0,0,0
"POINT (9.970213138000076 52.382408948000034)",Unfall 3896 (2021) Kat:3, Licht: 2,3896,3,7,0,12,07,4,,2,1,0,0,0
"POINT (9.737535341000068 52.369714873000078)",Unfall 3897 (2021) Kat:3, Licht: 0,3897,3,7,6,11,12,4,,0,0,0,1,0
"POINT (9.689390271000036 52.344939577000048)",Unfall 3898 (2021) Kat:3, Licht: 2,3898,3,4,6,12,18,3,,2,0,1,1,0
"POINT (9.734648630000038 52.380621108000071)",Unfall 3899 (2021) Kat:2, Licht: 0,3899,2,3,5,12,12,6,,0,1,1,0,0
"POINT (9.711971505000065 52.368418181000038)",Unfall 3900 (2021) Kat:3, Licht: 0,3900,3,3,5,11,14,7,,0,1,1,0,0
"POINT (9.744552120000037 52.367374716000029)",Unfall 3901 (2021) Kat:3, Licht: 0,3901,3,3,5,12,16,5,,0,1,1,0,0
"POINT (9.669691107000062 52.365523616000075)",Unfall 3902 (2021) Kat:3, Licht: 0,3902,3,6,2,11,14,2,,0,0,1,0,0
"POINT (9.855659956000068 52.492697586000077)",Unfall 3903 (2021) Kat:3, Licht: 0,3903,3,3,5,12,12,4,,0,0,1,0,0
"POINT (9.739849577000030 52.447505723000063)",Unfall 3904 (2021) Kat:3, Licht: 0,3904,3,4,6,12,14,7,,0,0,1,1,0
"POINT (9.763349324000046 52.395219124000050)",Unfall 3905 (2021) Kat:3, Licht: 0,3905,3,7,6,12,15,3,,0,0,1,1,0
"POINT (9.724990092000041 52.397729879000053)",Unfall 3906 (2021) Kat:3, Licht: 2,3906,3,7,0,11,20,7,,2,1,0,0,0
"POINT (9.713676027000076 52.372179149000033)",Unfall 3907 (2021) Kat:3, Licht: 2,3907,3,4,6,12,19,7,,2,1,0,1,0
"POINT (9.753382649000059 52.390264267000077)",Unfall 3908 (2021) Kat:3, Licht: 0,3908,3,2,2,11,14,4,,0,0,1,0,0
"POINT (9.743058505000022 52.379672941000081)",Unfall 3909 (2021) Kat:3, Licht: 0,3909,3,6,6,11,13,3,,0,1,0,1,0
"POINT (9.810398485000064 52.310071097000048)",Unfall 3910 (2021) Kat:3, Licht: 2,3910,3,3,5,12,21,7,,2,0,1,0,0
"POINT (9.741350431000058 52.371406137000065)",Unfall 3911 (2021) Kat:3, Licht: 0,3911,3,2,6,11,12,3,,0,0,0,1,0
"POINT (9.750590430000045 52.375318373000027)",Unfall 3912 (2021) Kat:3, Licht: 1,3912,3,1,0,11,15,2,,1,1,0,0,0
"POINT (9.763355446000048 52.342447981000078)",Unfall 3913 (2021) Kat:3, Licht: 0,3913,3,6,2,11,07,5,,0,0,1,0,0
"POINT (9.743776572000058 52.371111796000037)",Unfall 3914 (2021) Kat:2, Licht: 0,3914,2,3,5,11,10,3,,0,1,1,0,0
"POINT (9.794443665000074 52.411388554000041)",Unfall 3915 (2021) Kat:3, Licht: 1,3915,3,2,0,11,08,3,,1,1,0,0,0
"POINT (9.592313875000059 52.421338018000029)",Unfall 3916 (2021) Kat:3, Licht: 0,3916,3,2,5,12,10,5,,0,1,1,0,0
"POINT (9.460448609000025 52.502584580000075)",Unfall 3917 (2021) Kat:3, Licht: 0,3917,3,1,0,12,12,4,,0,1,0,0,0
"POINT (9.737300392000066 52.375696789000074)",Unfall 3918 (2021) Kat:3, Licht: 2,3918,3,1,0,12,19,2,,2,0,0,0,1
"POINT (9.556788413000049 52.214723722000031)",Unfall 3919 (2021) Kat:2, Licht: 2,3919,2,3,5,11,19,5,,2,1,1,0,0
"POINT (9.749046084000042 52.377793041000075)",Unfall 3920 (2021) Kat:3, Licht: 0,3920,3,3,5,11,14,3,,0,1,1,0,0
"POINT (9.850306479000039 52.362427009000044)",Unfall 3921 (2021) Kat:3, Licht: 0,3921,3,5,1,11,14,3,,0,0,1,0,0
"POINT (9.431343238000068 52.416505446000031)",Unfall 3922 (2021) Kat:3, Licht: 0,3922,3,4,6,12,07,6,,0,0,1,1,0
"POINT (9.734033621000037 52.381259083000032)",Unfall 3923 (2021) Kat:3, Licht: 2,3923,3,2,4,12,16,1,,2,1,1,0,0
"POINT (9.688020867000034 52.396288569000035)",Unfall 3924 (2021) Kat:3, Licht: 2,3924,3,3,5,12,16,6,,2,0,1,0,0
"POINT (9.669386443000064 52.400005225000029)",Unfall 3925 (2021) Kat:3, Licht: 0,3925,3,3,5,12,11,4,,0,1,1,0,0
"POINT (9.646725689000050 52.414629669000078)",Unfall 3926 (2021) Kat:3, Licht: 0,3926,3,6,2,12,15,4,,0,0,1,0,0
"POINT (9.731135042000062 52.378689523000048)",Unfall 3927 (2021) Kat:3, Licht: 2,3927,3,2,2,12,02,1,,2,0,1,0,0
"POINT (9.692860090000067 52.368574396000042)",Unfall 3928 (2021) Kat:3, Licht: 2,3928,3,1,1,12,18,4,,2,0,1,0,0
"POINT (9.723456315000021 52.371508619000053)",Unfall 3929 (2021) Kat:2, Licht: 2,3929,2,7,0,11,04,7,,2,0,0,0,0
"POINT (9.609624808000035 52.409338533000039)",Unfall 3930 (2021) Kat:3, Licht: 2,3930,3,2,5,11,21,5,,2,0,1,0,1
"POINT (10.015837294000050 52.440597731000082)",Unfall 3931 (2021) Kat:3, Licht: 2,3931,3,3,5,12,18,3,,2,0,1,0,0
"POINT (9.816553274000057 52.390383780000036)",Unfall 3932 (2021) Kat:3, Licht: 1,3932,3,1,0,11,07,6,,1,1,0,0,0
"POINT (9.602659594000045 52.426222972000062)",Unfall 3933 (2021) Kat:3, Licht: 0,3933,3,6,2,12,11,6,,0,0,1,0,0
"POINT (9.749383780000073 52.400349873000039)",Unfall 3934 (2021) Kat:3, Licht: 2,3934,3,3,5,11,06,3,,2,1,0,0,0
"POINT (9.779425468000056 52.397855936000042)",Unfall 3935 (2021) Kat:3, Licht: 2,3935,3,6,2,12,16,5,,2,0,1,0,0
"POINT (9.653471660000037 52.415523788000030)",Unfall 3936 (2021) Kat:3, Licht: 0,3936,3,6,3,11,09,2,,0,0,1,0,0
"POINT (9.740559400000052 52.379106344000036)",Unfall 3937 (2021) Kat:3, Licht: 0,3937,3,7,0,12,07,3,,0,0,1,0,0
"POINT (9.643398061000028 52.415211840000040)",Unfall 3938 (2021) Kat:3, Licht: 2,3938,3,6,2,12,18,5,,2,0,1,0,0
"POINT (9.823569214000031 52.303710991000059)",Unfall 3939 (2021) Kat:3, Licht: 2,3939,3,1,0,12,03,7,,2,0,0,0,0
"POINT (9.738635304000070 52.437303698000051)",Unfall 3940 (2021) Kat:3, Licht: 1,3940,3,6,6,11,17,4,,1,0,1,1,0
"POINT (9.681411577000063 52.416215387000079)",Unfall 3941 (2021) Kat:3, Licht: 0,3941,3,2,5,12,16,6,,0,1,1,0,0
"POINT (9.729815619000021 52.398275231000071)",Unfall 3942 (2021) Kat:3, Licht: 2,3942,3,4,6,11,22,3,,2,0,1,1,0
"POINT (9.701966969000068 52.375165125000080)",Unfall 3943 (2021) Kat:3, Licht: 0,3943,3,3,5,11,10,7,,0,1,1,0,0
"POINT (9.607832273000042 52.409789437000029)",Unfall 3944 (2021) Kat:3, Licht: 0,3944,3,7,0,11,12,2,,0,1,0,0,0
"POINT (9.663733712000067 52.382895639000026)",Unfall 3945 (2021) Kat:3, Licht: 2,3945,3,3,5,12,20,7,,2,0,1,0,0
"POINT (9.695205321000060 52.407491279000055)",Unfall 3946 (2021) Kat:3, Licht: 2,3946,3,3,5,12,19,7,,2,0,1,0,0
"POINT (9.819132376000027 52.399903042000062)",Unfall 3947 (2021) Kat:3, Licht: 0,3947,3,3,5,11,15,2,,0,1,1,0,0
"POINT (9.817623182000034 52.392817140000034)",Unfall 3948 (2021) Kat:3, Licht: 0,3948,3,3,5,11,15,4,,0,1,1,0,0
"POINT (9.797702278000031 52.476442442000064)",Unfall 3949 (2021) Kat:3, Licht: 0,3949,3,3,5,12,08,5,,0,1,1,0,0
"POINT (9.749964637000062 52.376262538000049)",Unfall 3950 (2021) Kat:3, Licht: 1,3950,3,2,5,11,07,5,,1,1,1,0,0
"POINT (9.635071616000062 52.416273902000057)",Unfall 3951 (2021) Kat:3, Licht: 0,3951,3,7,8,12,11,3,,0,0,1,0,0
"POINT (9.624169915000039 52.270922576000032)",Unfall 3952 (2021) Kat:2, Licht: 0,3952,2,7,0,11,13,7,,0,0,1,0,0
"POINT (9.750755125000069 52.385813121000069)",Unfall 3953 (2021) Kat:3, Licht: 2,3953,3,6,2,12,16,7,,2,0,1,0,0
"POINT (9.793199796000067 52.414942978000056)",Unfall 3954 (2021) Kat:3, Licht: 0,3954,3,6,2,12,14,2,,0,0,1,0,0
"POINT (9.751883618000022 52.371986991000028)",Unfall 3955 (2021) Kat:3, Licht: 2,3955,3,6,2,12,19,4,,2,0,1,0,0
"POINT (9.832589068000061 52.382398956000031)",Unfall 3956 (2021) Kat:3, Licht: 1,3956,3,3,5,11,06,3,,1,0,1,0,0
"POINT (9.732715837000057 52.379250361000061)",Unfall 3957 (2021) Kat:3, Licht: 2,3957,3,3,5,12,18,3,,2,0,1,0,0
"POINT (9.761255243000051 52.361036823000063)",Unfall 3958 (2021) Kat:3, Licht: 0,3958,3,2,5,12,08,4,,0,0,1,0,0
"POINT (9.716469697000036 52.388598802000047)",Unfall 3959 (2021) Kat:3, Licht: 0,3959,3,4,6,12,14,6,,0,1,0,1,0
"POINT (9.694093778000024 52.342964285000050)",Unfall 3960 (2021) Kat:3, Licht: 0,3960,3,4,6,12,13,4,,0,0,1,1,0
"POINT (9.745660935000046 52.378734226000063)",Unfall 3961 (2021) Kat:2, Licht: 0,3961,2,3,5,12,11,4,,0,1,0,0,0
"POINT (9.702974889000075 52.374873160000050)",Unfall 3962 (2021) Kat:3, Licht: 2,3962,3,1,1,12,20,7,,2,1,1,0,0
"POINT (9.710186363000048 52.372517739000045)",Unfall 3963 (2021) Kat:3, Licht: 0,3963,3,3,5,12,15,4,,0,1,0,0,0
"POINT (9.799475597000026 52.479745910000076)",Unfall 3964 (2021) Kat:3, Licht: 1,3964,3,2,6,11,06,3,,1,0,1,1,0
"POINT (9.453980522000052 52.427017104000072)",Unfall 3965 (2021) Kat:3, Licht: 0,3965,3,7,0,11,15,2,,0,1,0,0,0
"POINT (9.806981611000026 52.399280624000028)",Unfall 3966 (2021) Kat:3, Licht: 0,3966,3,2,2,12,12,2,,0,0,1,0,0
"POINT (9.705896478000057 52.373989603000041)",Unfall 3967 (2021) Kat:3, Licht: 0,3967,3,7,0,12,11,6,,0,1,0,0,0
"POINT (9.735269115000051 52.380396076000068)",Unfall 3968 (2021) Kat:3, Licht: 2,3968,3,6,2,11,17,6,,2,0,1,0,0
"POINT (9.975408857000048 52.378156016000048)",Unfall 3969 (2021) Kat:3, Licht: 0,3969,3,7,1,12,10,7,,0,1,1,0,0
"POINT (9.669308541000021 52.351730524000061)",Unfall 3970 (2021) Kat:3, Licht: 2,3970,3,3,5,11,19,5,,2,0,1,0,0
"POINT (9.691591832000029 52.329550562000065)",Unfall 3971 (2021) Kat:3, Licht: 0,3971,3,2,5,11,12,4,,0,1,1,0,0
"POINT (9.709335935000070 52.375995978000049)",Unfall 3972 (2021) Kat:3, Licht: 1,3972,3,3,5,11,15,3,,1,1,1,0,0
"POINT (9.552176433000056 52.214777027000082)",Unfall 3973 (2021) Kat:3, Licht: 0,3973,3,3,5,12,13,4,,0,0,1,0,0
"POINT (9.733359513000039 52.543677494000065)",Unfall 3974 (2021) Kat:2, Licht: 1,3974,2,1,0,12,08,6,,1,1,0,0,0
"POINT (9.849096943000063 52.494705937000049)",Unfall 3975 (2021) Kat:3, Licht: 0,3975,3,7,6,12,10,4,,0,0,1,1,0
"POINT (9.703586273000042 52.374712251000062)",Unfall 3976 (2021) Kat:2, Licht: 0,3976,2,5,1,12,09,3,,0,1,1,0,0
"POINT (9.781261503000053 52.404810513000029)",Unfall 3977 (2021) Kat:3, Licht: 1,3977,3,3,5,12,07,2,,1,1,1,0,0
"POINT (9.739458989000070 52.376677652000069)",Unfall 3978 (2021) Kat:3, Licht: 0,3978,3,7,0,12,12,5,,0,0,0,0,0
"POINT (9.858926000000054 52.496265806000054)",Unfall 3979 (2021) Kat:3, Licht: 1,3979,3,2,6,12,16,2,,1,0,1,1,0
"POINT (9.765755291000062 52.419308673000046)",Unfall 3980 (2021) Kat:3, Licht: 1,3980,3,2,6,12,08,4,,1,0,1,1,0
"POINT (9.357165567000038 52.453389337000033)",Unfall 3981 (2021) Kat:2, Licht: 0,3981,2,7,0,12,10,7,,0,1,0,0,0
"POINT (9.490925719000074 52.289957768000079)",Unfall 3982 (2021) Kat:3, Licht: 2,3982,3,1,0,12,21,5,,2,1,0,0,0
"POINT (9.725605380000047 52.436491347000072)",Unfall 3983 (2021) Kat:3, Licht: 2,3983,3,2,0,12,06,3,,2,1,1,0,0
"POINT (9.755229203000056 52.391348403000052)",Unfall 3984 (2021) Kat:3, Licht: 2,3984,3,3,5,12,20,4,,2,0,1,0,0
"POINT (9.755182051000077 52.344089028000042)",Unfall 3985 (2021) Kat:3, Licht: 1,3985,3,2,5,12,14,3,,1,1,1,0,0
"POINT (9.854141393000077 52.391071125000053)",Unfall 3986 (2021) Kat:3, Licht: 0,3986,3,4,6,12,13,3,,0,1,0,1,0
"POINT (9.757763676000025 52.451371654000070)",Unfall 3987 (2021) Kat:2, Licht: 0,3987,2,7,0,12,12,2,,0,1,0,0,0
"POINT (9.740108531000033 52.440549530000055)",Unfall 3988 (2021) Kat:3, Licht: 0,3988,3,3,0,12,12,5,,0,0,1,0,0
"POINT (9.749462613000048 52.411775440000042)",Unfall 3989 (2021) Kat:3, Licht: 2,3989,3,1,0,12,07,5,,2,1,0,0,0
"POINT (9.797674454000060 52.334266290000073)",Unfall 3990 (2021) Kat:3, Licht: 0,3990,3,3,5,12,08,4,,0,0,1,0,0
"POINT (9.756408738000061 52.390666566000050)",Unfall 3991 (2021) Kat:3, Licht: 0,3991,3,4,6,12,08,4,,0,0,1,1,0
"POINT (9.731831583000030 52.374522192000029)",Unfall 3992 (2021) Kat:2, Licht: 2,3992,2,7,6,11,19,7,,2,0,1,1,0
"POINT (9.591801594000060 52.422167432000037)",Unfall 3993 (2021) Kat:3, Licht: 2,3993,3,7,6,12,17,7,,2,0,1,1,0
"POINT (9.754989717000058 52.384812118000070)",Unfall 3994 (2021) Kat:3, Licht: 2,3994,3,3,5,12,07,3,,2,0,1,0,0
"POINT (9.743805808000047 52.371110470000076)",Unfall 3995 (2021) Kat:3, Licht: 2,3995,3,2,3,12,16,4,,2,1,1,0,0
"POINT (9.762591994000047 52.410287745000062)",Unfall 3996 (2021) Kat:2, Licht: 0,3996,2,2,6,11,08,4,,0,0,1,1,0
"POINT (9.751866102000065 52.421057051000048)",Unfall 3997 (2021) Kat:3, Licht: 2,3997,3,6,2,12,17,4,,2,0,1,0,0
"POINT (9.789488997000035 52.424944694000033)",Unfall 3998 (2021) Kat:3, Licht: 2,3998,3,4,6,12,07,3,,2,0,1,1,0
"POINT (9.634462940000049 52.441422723000073)",Unfall 3999 (2021) Kat:3, Licht: 2,3999,3,6,2,11,19,6,,2,1,0,0,0
"POINT (9.752188510000053 52.463784327000042)",Unfall 4000 (2021) Kat:2, Licht: 1,4000,2,2,6,12,17,6,,1,0,1,1,0
"POINT (9.744228459000055 52.373300432000065)",Unfall 4001 (2021) Kat:3, Licht: 0,4001,3,1,0,12,10,6,,0,1,0,0,0
"POINT (9.692636840000034 52.324966352000047)",Unfall 4002 (2021) Kat:3, Licht: 0,4002,3,6,6,12,16,3,,0,0,1,0,0
"POINT (9.781089700000052 52.399980146000075)",Unfall 4003 (2021) Kat:3, Licht: 2,4003,3,3,5,12,19,7,,2,0,1,0,0
"POINT (9.704791859000068 52.374379036000050)",Unfall 4004 (2021) Kat:3, Licht: 0,4004,3,7,0,12,10,4,,0,1,0,0,0
"POINT (9.977233936000061 52.376800886000069)",Unfall 4005 (2021) Kat:2, Licht: 0,4005,2,2,6,12,14,3,,0,0,1,1,0
"POINT (9.781589895000025 52.415515928000048)",Unfall 4006 (2021) Kat:3, Licht: 2,4006,3,2,0,12,07,5,,2,1,0,0,0
"POINT (9.753336816000058 52.376615957000070)",Unfall 4007 (2021) Kat:2, Licht: 1,4007,2,4,6,11,16,5,,1,1,0,1,0
"POINT (9.759197578000055 52.361695844000053)",Unfall 4008 (2021) Kat:3, Licht: 0,4008,3,2,6,12,09,2,,0,0,1,1,0
"POINT (9.588145769000050 52.446760509000057)",Unfall 4009 (2021) Kat:3, Licht: 0,4009,3,5,1,12,12,3,,0,0,1,0,0
"POINT (9.902794433000054 52.445515021000062)",Unfall 4010 (2021) Kat:3, Licht: 0,4010,3,3,5,12,07,3,,0,0,1,0,0
"POINT (9.809528816000068 52.348774982000066)",Unfall 4011 (2021) Kat:3, Licht: 0,4011,3,3,5,12,10,5,,0,1,1,0,0
"POINT (9.762106368000047 52.366228021000040)",Unfall 4012 (2021) Kat:3, Licht: 1,4012,3,3,5,11,16,5,,1,0,1,0,0
"POINT (9.733810386000073 52.384690844000033)",Unfall 4013 (2021) Kat:3, Licht: 2,4013,3,2,4,11,16,6,,2,0,1,0,0
"POINT (9.604072047000045 52.437953844000049)",Unfall 4014 (2021) Kat:2, Licht: 0,4014,2,2,5,12,09,2,,0,1,1,0,0
"POINT (9.788995118000059 52.330529289000026)",Unfall 4015 (2021) Kat:3, Licht: 0,4015,3,1,9,11,10,7,,0,1,0,0,0
"POINT (9.741758453000045 52.372655088000045)",Unfall 4016 (2021) Kat:3, Licht: 0,4016,3,7,0,12,11,4,,0,0,0,0,0
"POINT (9.792431761000046 52.399916741000027)",Unfall 4017 (2021) Kat:3, Licht: 2,4017,3,2,5,12,18,3,,2,0,1,0,1
"POINT (9.682710647000022 52.394011512000077)",Unfall 4018 (2021) Kat:3, Licht: 2,4018,3,5,1,12,21,6,,2,0,1,0,0
"POINT (9.748754719000033 52.374469930000032)",Unfall 4019 (2021) Kat:3, Licht: 0,4019,3,2,0,11,10,5,,0,1,1,0,0
"POINT (9.819803603000025 52.421229274000041)",Unfall 4020 (2021) Kat:2, Licht: 0,4020,2,1,0,12,14,7,,0,1,0,0,0
"POINT (9.836433316000068 52.342126431000054)",Unfall 4021 (2021) Kat:2, Licht: 2,4021,2,7,6,11,22,4,,2,0,0,1,0
"POINT (9.854351735000023 52.438802254000052)",Unfall 4022 (2021) Kat:3, Licht: 1,4022,3,7,3,11,08,6,,1,1,0,0,1
"POINT (9.687695014000042 52.345957239000029)",Unfall 4023 (2021) Kat:3, Licht: 2,4023,3,5,3,12,17,2,,2,1,1,0,0
"POINT (9.749696383000071 52.449115456000072)",Unfall 4024 (2021) Kat:3, Licht: 2,4024,3,4,6,11,21,3,,2,0,1,1,0
"POINT (9.699069993000023 52.437069400000041)",Unfall 4025 (2021) Kat:3, Licht: 2,4025,3,7,1,11,17,7,,2,0,1,0,0
"POINT (9.747754371000042 52.385498960000064)",Unfall 4026 (2021) Kat:3, Licht: 0,4026,3,5,3,11,12,6,,0,1,1,0,0
"POINT (9.790286755000068 52.408338998000033)",Unfall 4027 (2021) Kat:3, Licht: 0,4027,3,2,3,11,08,3,,0,0,1,0,0
"POINT (9.430666547000044 52.419125317000066)",Unfall 4028 (2021) Kat:3, Licht: 0,4028,3,7,0,11,16,1,,0,0,0,0,0
"POINT (9.748661313000071 52.377719299000034)",Unfall 4029 (2021) Kat:3, Licht: 2,4029,3,6,2,11,02,1,,2,0,1,0,0
"POINT (9.689193348000060 52.402054521000082)",Unfall 4030 (2021) Kat:3, Licht: 1,4030,3,3,5,12,16,1,,1,0,1,0,1
"POINT (9.736920573000077 52.381337813000073)",Unfall 4031 (2021) Kat:3, Licht: 2,4031,3,7,0,11,20,3,,2,1,1,0,0
"POINT (9.733705146000034 52.379848488000050)",Unfall 4032 (2021) Kat:2, Licht: 2,4032,2,3,5,12,20,7,,2,1,1,0,0
"POINT (9.733669044000067 52.399183176000065)",Unfall 4033 (2021) Kat:3, Licht: 0,4033,3,3,2,12,12,6,,0,1,0,0,0
"POINT (9.688507300000026 52.433652129000052)",Unfall 4034 (2021) Kat:2, Licht: 2,4034,2,1,0,12,20,6,,2,1,0,0,0
"POINT (9.610669723000058 52.411355514000036)",Unfall 4035 (2021) Kat:3, Licht: 0,4035,3,7,0,12,15,3,,0,1,0,0,0
"POINT (9.758678214000042 52.362385352000047)",Unfall 4036 (2021) Kat:3, Licht: 1,4036,3,2,6,12,16,5,,1,0,1,1,0
"POINT (9.728815525000073 52.364810457000033)",Unfall 4037 (2021) Kat:3, Licht: 0,4037,3,3,0,11,13,2,,0,0,1,0,1
"POINT (9.801128220000066 52.333959441000047)",Unfall 4038 (2021) Kat:3, Licht: 0,4038,3,1,0,11,12,1,,0,0,0,0,0