WKT,Name,OBJECTID,UKATEGORIE,UTYP1,UART,UMONAT,USTUNDE,UWOCHENTAG,STRZUSTAND,ULICHTVERH,ISTRAD,ISTPKW,ISTFUSS,ISTKRAD
"POINT (9.765043221000042 52.453285286000039)",Unfall 4039 (2021) Kat:3, Licht: 2,4039,3,3,5,12,17,4,,2,1,1,0,0
"POINT (9.801789624000037 52.416696151000053)",Unfall 4040 (2021) Kat:2, Licht: 0,4040,2,1,0,11,14,1,,0,1,0,0,0
"POINT (10.116944633000060 52.354242428000077)",Unfall 4041 (2021) Kat:3, Licht: 0,4041,3,3,5,12,13,4,,0,1,0,0,0
"POINT (9.706210906000024 52.374760330000072)",Unfall 4042 (2021) Kat:3, Licht: 0,4042,3,3,5,11,15,2,,0,1,0,0,0
"POINT (9.804374972000062 52.359784509000065)",Unfall 4043 (2021) Kat:3, Licht: 0,4043,3,3,5,12,14,2,,0,1,1,0,0
"POINT (9.739908318000062 52.369161775000066)",Unfall 4044 (2021) Kat:3, Licht: 2,4044,3,1,0,12,20,5,,2,1,0,0,0
"POINT (9.710010256000032 52.367272335000052)",Unfall 4045 (2021) Kat:3, Licht: 2,4045,3,7,0,12,19,2,,2,1,0,0,0
"POINT (9.671624218000034 52.383569788000045)",Unfall 4046 (2021) Kat:3, Licht: 0,4046,3,3,5,12,11,6,,0,0,1,0,0
"POINT (9.812678874000028 52.306143236000082)",Unfall 4047 (2021) Kat:3, Licht: 2,4047,3,2,6,12,16,4,,2,0,1,1,0
"POINT (9.697322822000046 52.355805931000077)",Unfall 4048 (2021) Kat:2, Licht: 0,4048,2,7,0,12,10,3,,0,1,0,0,0
"POINT (9.725292727000067 52.386843637000027)",Unfall 4049 (2021) Kat:3, Licht: 1,4049,3,5,1,12,16,2,,1,0,1,0,0
"POINT (9.737717788000054 52.374643511000045)",Unfall 4050 (2021) Kat:3, Licht: 2,4050,3,1,0,12,07,2,,2,1,0,0,0
"POINT (9.587529132000043 52.417158280000081)",Unfall 4051 (2021) Kat:3, Licht: 1,4051,3,7,6,12,16,5,,1,0,1,1,0
"POINT (9.759752606000063 52.340851213000064)",Unfall 4052 (2021) Kat:3, Licht: 0,4052,3,7,0,12,08,2,,0,1,0,0,0
"POINT (9.695780034000052 52.372375562000059)",Unfall 4053 (2021) Kat:3, Licht: 2,4053,3,2,6,12,17,5,,2,0,1,1,0
"POINT (9.746429669000065 52.383617437000055)",Unfall 4054 (2021) Kat:2, Licht: 2,4054,2,2,6,12,21,5,,2,1,0,1,0
"POINT (9.751550961000021 52.373040996000043)",Unfall 4055 (2021) Kat:2, Licht: 2,4055,2,4,6,12,23,4,,2,0,1,1,0
"POINT (9.742441289000055 52.378319887000032)",Unfall 4056 (2021) Kat:3, Licht: 2,4056,3,7,0,12,17,6,,2,0,0,0,0
"POINT (9.456635311000070 52.504810669000051)",Unfall 4057 (2021) Kat:3, Licht: 0,4057,3,6,4,12,11,5,,0,1,0,0,1
"POINT (9.733450543000060 52.398957533000043)",Unfall 4058 (2021) Kat:3, Licht: 2,4058,3,4,6,12,16,3,,2,0,1,1,0
"POINT (9.847445991000029 52.484757516000059)",Unfall 4059 (2021) Kat:3, Licht: 1,4059,3,1,8,12,16,5,,1,0,1,0,0
"POINT (9.748519383000030 52.393704952000064)",Unfall 4060 (2021) Kat:3, Licht: 2,4060,3,7,0,12,06,2,,2,1,0,0,0
"POINT (9.793178831000034 52.326556461000052)",Unfall 4061 (2021) Kat:3, Licht: 0,4061,3,6,4,12,14,5,,0,0,1,0,0
"POINT (9.743244358000027 52.374975525000082)",Unfall 4062 (2021) Kat:3, Licht: 0,4062,3,5,0,12,11,6,,0,1,1,0,0
"POINT (9.710716464000029 52.386552949000077)",Unfall 4063 (2021) Kat:3, Licht: 2,4063,3,7,0,12,20,4,,2,1,0,0,0
"POINT (9.769730902000049 52.365753837000057)",Unfall 4064 (2021) Kat:3, Licht: 0,4064,3,6,3,12,14,4,,0,0,1,0,0
"POINT (9.674836055000071 52.167348780000054)",Unfall 4065 (2021) Kat:3, Licht: 0,4065,3,3,0,12,14,4,,0,0,0,0,1
"POINT (9.745527975000073 52.395270102000040)",Unfall 4066 (2021) Kat:3, Licht: 0,4066,3,6,0,12,14,6,,0,0,1,0,0
"POINT (9.714710013000058 52.342511228000035)",Unfall 4067 (2021) Kat:3, Licht: 2,4067,3,4,6,12,18,4,,2,1,0,1,0
"POINT (9.728300817000047 52.358976215000041)",Unfall 4068 (2021) Kat:3, Licht: 0,4068,3,3,5,12,13,4,,0,1,1,0,0
"POINT (9.655164107000076 52.348365675000082)",Unfall 4069 (2021) Kat:3, Licht: 2,4069,3,3,5,12,17,3,,2,0,1,0,0
"POINT (9.753517243000033 52.380226921000030)",Unfall 4070 (2021) Kat:3, Licht: 0,4070,3,1,0,12,08,2,,0,1,0,0,0
"POINT (9.740181185000040 52.412225452000030)",Unfall 4071 (2021) Kat:2, Licht: 2,4071,2,4,6,12,16,3,,2,0,1,1,0
"POINT (9.467437180000047 52.301985236000064)",Unfall 4072 (2021) Kat:3, Licht: 0,4072,3,7,0,12,14,4,,0,1,0,0,0
"POINT (9.763988603000030 52.363002313000038)",Unfall 4073 (2021) Kat:3, Licht: 2,4073,3,6,0,12,07,2,,2,1,0,0,0
"POINT (9.560837441000047 52.281358269000066)",Unfall 4074 (2021) Kat:3, Licht: 1,4074,3,7,0,01,16,7,,1,1,0,0,0
"POINT (9.761296131000051 52.389172722000069)",Unfall 4075 (2021) Kat:3, Licht: 0,4075,3,1,0,01,15,2,,0,1,0,0,0
"POINT (9.800579909000021 52.374025596000081)",Unfall 4076 (2021) Kat:3, Licht: 0,4076,3,6,4,01,13,4,,0,1,0,0,0
"POINT (9.760595341000055 52.400323984000067)",Unfall 4077 (2021) Kat:3, Licht: 0,4077,3,1,0,01,08,4,,0,1,0,0,0
"POINT (9.720256894000045 52.369970978000026)",Unfall 4078 (2021) Kat:3, Licht: 0,4078,3,7,0,01,08,4,,0,1,0,0,0
"POINT (9.709198494000077 52.401244470000051)",Unfall 4079 (2021) Kat:3, Licht: 2,4079,3,1,0,01,06,4,,2,1,0,0,0
"POINT (9.815889892000030 52.347378895000077)",Unfall 4080 (2021) Kat:3, Licht: 2,4080,3,6,6,02,00,5,,2,1,0,1,0
"POINT (9.792654572000060 52.408987074000038)",Unfall 4081 (2021) Kat:3, Licht: 0,4081,3,1,0,02,11,2,,0,1,0,0,0
"POINT (9.713454326000033 52.376432986000054)",Unfall 4082 (2021) Kat:3, Licht: 0,4082,3,7,0,02,07,3,,0,1,0,0,0
"POINT (9.639696781000055 52.310674063000079)",Unfall 4083 (2021) Kat:3, Licht: 0,4083,3,7,0,02,16,6,,0,1,0,0,0
"POINT (9.941742572000067 52.318739671000060)",Unfall 4084 (2021) Kat:2, Licht: 0,4084,2,7,0,02,15,7,,0,1,0,0,0
"POINT (9.684608857000057 52.317939102000082)",Unfall 4085 (2021) Kat:3, Licht: 0,4085,3,7,0,02,16,1,,0,1,0,0,0
"POINT (9.766820320000022 52.382222991000049)",Unfall 4086 (2021) Kat:3, Licht: 0,4086,3,7,0,02,09,4,,0,1,0,0,0
"POINT (9.464614160000053 52.437157635000062)",Unfall 4087 (2021) Kat:3, Licht: 0,4087,3,7,0,02,09,6,,0,1,0,1,0
"POINT (9.746696736000047 52.392831047000072)",Unfall 4088 (2021) Kat:3, Licht: 0,4088,3,7,0,02,16,1,,0,1,0,0,0
"POINT (9.435953555000026 52.428899634000061)",Unfall 4089 (2021) Kat:3, Licht: 0,4089,3,4,6,03,17,3,,0,1,0,1,0
"POINT (9.798924429000067 52.259788254000057)",Unfall 4090 (2021) Kat:2, Licht: 0,4090,2,1,8,03,12,4,,0,1,0,0,0
"POINT (9.756133284000043 52.365447758000073)",Unfall 4091 (2021) Kat:3, Licht: 0,4091,3,3,5,03,09,4,,0,1,1,0,0
"POINT (9.762402137000038 52.392400723000037)",Unfall 4092 (2021) Kat:3, Licht: 0,4092,3,7,0,03,10,6,,0,1,0,0,0
"POINT (9.719390956000041 52.345777592000047)",Unfall 4093 (2021) Kat:2, Licht: 0,4093,2,6,6,03,09,7,,0,1,0,1,0
"POINT (9.709919897000077 52.378950906000057)",Unfall 4094 (2021) Kat:3, Licht: 2,4094,3,7,7,03,00,1,,2,1,0,0,0
"POINT (9.778086137000059 52.354845717000046)",Unfall 4095 (2021) Kat:2, Licht: 0,4095,2,1,0,03,16,3,,0,1,0,0,0
"POINT (9.581385381000075 52.457502835000071)",Unfall 4096 (2021) Kat:3, Licht: 0,4096,3,3,5,03,17,6,,0,1,1,0,0
"POINT (9.914315090000059 52.439482265000038)",Unfall 4097 (2021) Kat:2, Licht: 0,4097,2,7,0,03,16,7,,0,1,0,0,0
"POINT (9.765518300000053 52.393677820000050)",Unfall 4098 (2021) Kat:2, Licht: 2,4098,2,1,9,03,01,1,,2,1,0,0,0
"POINT (9.742650921000063 52.398585551000053)",Unfall 4099 (2021) Kat:3, Licht: 0,4099,3,6,6,03,18,4,,0,1,0,1,0
"POINT (9.815562152000041 52.402884157000074)",Unfall 4100 (2021) Kat:3, Licht: 0,4100,3,6,4,03,07,4,,0,1,0,0,0
"POINT (9.729865106000034 52.379550738000034)",Unfall 4101 (2021) Kat:3, Licht: 0,4101,3,7,0,04,18,7,,0,1,0,0,0
"POINT (9.745254385000067 52.349106717000041)",Unfall 4102 (2021) Kat:3, Licht: 0,4102,3,6,2,04,14,1,,0,1,0,0,0
"POINT (9.709980829000074 52.379061907000050)",Unfall 4103 (2021) Kat:3, Licht: 0,4103,3,4,6,04,16,2,,0,1,0,1,0
"POINT (9.702238803000057 52.320365845000026)",Unfall 4104 (2021) Kat:3, Licht: 0,4104,3,4,6,04,12,1,,0,1,0,1,0
"POINT (9.711546591000058 52.384580453000069)",Unfall 4105 (2021) Kat:3, Licht: 0,4105,3,2,5,04,16,6,,0,1,0,0,0
"POINT (9.751863129000071 52.342216813000050)",Unfall 4106 (2021) Kat:3, Licht: 0,4106,3,6,6,04,18,6,,0,1,0,1,0
"POINT (9.729320735000044 52.351486907000037)",Unfall 4107 (2021) Kat:2, Licht: 0,4107,2,1,0,04,16,4,,0,1,0,0,0
"POINT (9.750808840000047 52.348258022000039)",Unfall 4108 (2021) Kat:2, Licht: 0,4108,2,7,0,04,14,4,,0,1,0,0,0
"POINT (9.755448355000055 52.337640332000035)",Unfall 4109 (2021) Kat:3, Licht: 2,4109,3,1,0,04,21,4,,2,1,0,0,0
"POINT (9.748963717000038 52.390468243000043)",Unfall 4110 (2021) Kat:3, Licht: 0,4110,3,1,0,04,09,5,,0,1,0,0,0
"POINT (9.816998329000057 52.403991831000042)",Unfall 4111 (2021) Kat:3, Licht: 0,4111,3,7,0,05,18,1,,0,1,0,0,0
"POINT (9.784849099000041 52.358786451000071)",Unfall 4112 (2021) Kat:2, Licht: 0,4112,2,6,2,05,14,1,,0,1,0,0,0
"POINT (9.773407325000051 52.496903549000081)",Unfall 4113 (2021) Kat:3, Licht: 0,4113,3,1,0,05,14,1,,0,1,0,0,0
"POINT (10.006674031000045 52.442709373000071)",Unfall 4114 (2021) Kat:3, Licht: 0,4114,3,6,2,05,17,5,,0,1,0,0,0
"POINT (9.745145622000052 52.394077788000061)",Unfall 4115 (2021) Kat:3, Licht: 1,4115,3,2,5,05,21,1,,1,1,1,0,0
"POINT (9.746723489000033 52.488997604000076)",Unfall 4116 (2021) Kat:3, Licht: 0,4116,3,7,0,05,16,5,,0,1,0,0,0
"POINT (9.715850655000054 52.381617999000071)",Unfall 4117 (2021) Kat:3, Licht: 0,4117,3,6,4,05,20,6,,0,1,0,0,0
"POINT (9.710545633000038 52.377523310000072)",Unfall 4118 (2021) Kat:3, Licht: 0,4118,3,6,0,05,11,1,,0,1,0,0,0
"POINT (9.781834569000068 52.356922073000078)",Unfall 4119 (2021) Kat:1, Licht: 0,4119,1,7,0,05,17,2,,0,1,0,0,0
"POINT (9.712079235000033 52.384801327000048)",Unfall 4120 (2021) Kat:3, Licht: 0,4120,3,4,4,05,14,2,,0,1,0,1,0
"POINT (9.810678448000033 52.369162717000052)",Unfall 4121 (2021) Kat:2, Licht: 0,4121,2,3,5,05,13,6,,0,1,0,0,0
"POINT (9.765205342000058 52.323062804000074)",Unfall 4122 (2021) Kat:2, Licht: 0,4122,2,1,0,05,13,1,,0,1,0,0,0
"POINT (9.744547066000052 52.345511163000026)",Unfall 4123 (2021) Kat:3, Licht: 0,4123,3,1,0,05,15,2,,0,1,0,0,0
"POINT (9.736372876000075 52.351288074000081)",Unfall 4124 (2021) Kat:3, Licht: 0,4124,3,7,7,05,18,2,,0,1,0,1,0
"POINT (9.808238751000033 52.345762250000064)",Unfall 4125 (2021) Kat:3, Licht: 0,4125,3,7,0,06,11,3,,0,1,0,0,0
"POINT (9.761972312000069 52.387304097000026)",Unfall 4126 (2021) Kat:3, Licht: 0,4126,3,6,2,06,19,4,,0,1,0,0,0
"POINT (9.606315176000066 52.431625879000080)",Unfall 4127 (2021) Kat:3, Licht: 0,4127,3,7,7,06,19,6,,0,1,0,0,0
"POINT (9.799705048000021 52.365992909000056)",Unfall 4128 (2021) Kat:3, Licht: 0,4128,3,7,0,06,12,6,,0,1,0,0,0
"POINT (9.720306700000037 52.400880727000072)",Unfall 4129 (2021) Kat:3, Licht: 0,4129,3,2,5,06,19,1,,0,1,0,0,0
"POINT (9.820333706000042 52.400018542000055)",Unfall 4130 (2021) Kat:3, Licht: 0,4130,3,1,0,06,16,1,,0,1,0,0,0
"POINT (10.206284144000051 52.474136201000078)",Unfall 4131 (2021) Kat:3, Licht: 0,4131,3,6,4,06,16,3,,0,1,1,0,0
"POINT (9.696970352000051 52.238568047000058)",Unfall 4132 (2021) Kat:2, Licht: 0,4132,2,1,0,06,17,4,,0,1,0,0,0
"POINT (9.786120501000028 52.384920625000063)",Unfall 4133 (2021) Kat:3, Licht: 0,4133,3,1,0,06,18,4,,0,1,0,0,0
"POINT (9.777370419000022 52.373143740000046)",Unfall 4134 (2021) Kat:3, Licht: 0,4134,3,3,5,06,13,5,,0,1,0,0,0
"POINT (9.774336982000023 52.359907758000077)",Unfall 4135 (2021) Kat:3, Licht: 0,4135,3,2,0,06,17,5,,0,1,0,0,0
"POINT (9.731025756000065 52.356306065000069)",Unfall 4136 (2021) Kat:2, Licht: 0,4136,2,7,0,06,17,6,,0,1,0,0,1
"POINT (9.717016220000062 52.373307107000073)",Unfall 4137 (2021) Kat:3, Licht: 2,4137,3,3,5,06,23,6,,2,1,0,0,0
"POINT (9.700267165000071 52.321651088000067)",Unfall 4138 (2021) Kat:2, Licht: 0,4138,2,6,4,06,14,2,,0,1,0,0,0
"POINT (9.436619552000025 52.498313348000067)",Unfall 4139 (2021) Kat:3, Licht: 0,4139,3,7,0,06,11,2,,0,1,0,0,0
"POINT (9.731395644000031 52.378647860000058)",Unfall 4140 (2021) Kat:3, Licht: 0,4140,3,1,8,06,16,5,,0,1,0,0,0
"POINT (9.734612556000059 52.367156160000036)",Unfall 4141 (2021) Kat:3, Licht: 0,4141,3,1,0,06,12,5,,0,1,0,0,0
"POINT (9.714423742000065 52.376221321000060)",Unfall 4142 (2021) Kat:3, Licht: 2,4142,3,6,3,06,21,6,,2,1,0,0,0
"POINT (10.001864152000053 52.440916446000074)",Unfall 4143 (2021) Kat:3, Licht: 0,4143,3,7,7,06,17,1,,0,1,0,1,0
"POINT (9.727737051000076 52.380717589000028)",Unfall 4144 (2021) Kat:3, Licht: 0,4144,3,7,0,06,18,1,,0,1,0,0,0
"POINT (9.816757596000059 52.284059852000041)",Unfall 4145 (2021) Kat:3, Licht: 0,4145,3,7,0,06,20,4,,0,1,0,0,0
"POINT (9.425874448000059 52.406809932000044)",Unfall 4146 (2021) Kat:3, Licht: 0,4146,3,7,0,06,11,7,,0,1,0,1,0
"POINT (9.740077063000058 52.361525270000072)",Unfall 4147 (2021) Kat:3, Licht: 2,4147,3,6,4,06,01,7,,2,1,0,0,0
"POINT (9.715702559000022 52.382311929000082)",Unfall 4148 (2021) Kat:3, Licht: 0,4148,3,1,0,06,17,7,,0,1,0,0,0
"POINT (9.739676073000055 52.407395171000076)",Unfall 4149 (2021) Kat:3, Licht: 0,4149,3,1,0,06,09,1,,0,1,0,0,0
"POINT (9.721713260000058 52.366556062000029)",Unfall 4150 (2021) Kat:3, Licht: 1,4150,3,6,6,06,19,4,,1,1,0,1,0
"POINT (9.774919247000071 52.380861399000082)",Unfall 4151 (2021) Kat:3, Licht: 0,4151,3,1,0,07,13,1,,0,1,0,0,0
"POINT (9.711233481000022 52.375752690000070)",Unfall 4152 (2021) Kat:3, Licht: 2,4152,3,6,6,07,01,1,,2,1,0,1,0
"POINT (9.839764632000026 52.503213708000033)",Unfall 4153 (2021) Kat:2, Licht: 2,4153,2,7,0,07,23,5,,2,1,0,0,0
"POINT (9.961910870000054 52.389306060000081)",Unfall 4154 (2021) Kat:3, Licht: 0,4154,3,1,0,07,19,7,,0,1,0,0,0
"POINT (9.708810194000023 52.378163584000049)",Unfall 4155 (2021) Kat:3, Licht: 0,4155,3,3,9,07,14,7,,0,1,0,0,0
"POINT (9.851760647000049 52.424708742000064)",Unfall 4156 (2021) Kat:3, Licht: 0,4156,3,7,0,07,20,3,,0,1,0,0,0
"POINT (9.734986406000075 52.390327082000056)",Unfall 4157 (2021) Kat:2, Licht: 0,4157,2,1,0,07,16,3,,0,1,0,0,0
"POINT (9.711323885000070 52.380740051000032)",Unfall 4158 (2021) Kat:3, Licht: 0,4158,3,6,4,07,17,3,,0,1,0,0,0
"POINT (9.812364835000039 52.373023723000074)",Unfall 4159 (2021) Kat:3, Licht: 0,4159,3,7,0,07,09,5,,0,1,0,0,0
"POINT (9.798616949000063 52.373907180000060)",Unfall 4160 (2021) Kat:2, Licht: 0,4160,2,6,0,07,17,1,,0,1,0,0,0
"POINT (9.459876809000036 52.295106225000040)",Unfall 4161 (2021) Kat:3, Licht: 0,4161,3,7,0,07,16,1,,0,1,0,0,0
"POINT (9.866775728000050 52.336261587000081)",Unfall 4162 (2021) Kat:2, Licht: 0,4162,2,6,3,07,16,1,,0,1,0,0,0
"POINT (9.760127446000070 52.360321662000047)",Unfall 4163 (2021) Kat:3, Licht: 0,4163,3,6,4,07,16,1,,0,1,0,0,0
"POINT (9.320002969000029 52.442865915000027)",Unfall 4164 (2021) Kat:2, Licht: 0,4164,2,7,0,07,18,5,,0,1,0,0,0
"POINT (9.683063062000031 52.347749109000063)",Unfall 4165 (2021) Kat:3, Licht: 0,4165,3,6,4,07,16,5,,0,1,0,0,0
"POINT (9.738892887000077 52.356254439000054)",Unfall 4166 (2021) Kat:3, Licht: 0,4166,3,1,8,07,15,7,,0,1,0,0,0
"POINT (9.788636439000072 52.373365656000033)",Unfall 4167 (2021) Kat:3, Licht: 0,4167,3,7,0,07,17,1,,0,1,0,0,0
"POINT (9.851349671000037 52.349330334000058)",Unfall 4168 (2021) Kat:3, Licht: 0,4168,3,1,8,07,17,2,,0,1,0,0,0
"POINT (9.714106510000022 52.376662655000075)",Unfall 4169 (2021) Kat:3, Licht: 0,4169,3,3,5,07,11,2,,0,1,0,0,0
"POINT (9.745417537000037 52.350747529000046)",Unfall 4170 (2021) Kat:3, Licht: 1,4170,3,1,0,07,21,7,,1,1,0,0,0
"POINT (9.916845056000057 52.306416818000059)",Unfall 4171 (2021) Kat:3, Licht: 0,4171,3,6,4,08,12,3,,0,1,0,0,0
"POINT (9.743968853000069 52.446469013000069)",Unfall 4172 (2021) Kat:3, Licht: 0,4172,3,3,5,08,14,5,,0,1,0,0,0
"POINT (9.649804708000033 52.386855562000051)",Unfall 4173 (2021) Kat:3, Licht: 0,4173,3,6,6,08,17,7,,0,1,0,1,0
"POINT (9.697744815000021 52.377727482000068)",Unfall 4174 (2021) Kat:3, Licht: 0,4174,3,7,0,08,10,4,,0,1,0,0,0
"POINT (9.822475270000041 52.304960220000055)",Unfall 4175 (2021) Kat:2, Licht: 0,4175,2,3,5,08,13,4,,0,1,0,0,0
"POINT (9.731042723000030 52.356546323000032)",Unfall 4176 (2021) Kat:3, Licht: 0,4176,3,1,0,08,15,6,,0,1,0,0,0
"POINT (9.842889509000031 52.344818057000055)",Unfall 4177 (2021) Kat:2, Licht: 0,4177,2,7,0,08,14,3,,0,1,0,1,0
"POINT (9.715597551000030 52.382079439000051)",Unfall 4178 (2021) Kat:3, Licht: 0,4178,3,2,5,08,18,3,,0,1,0,0,0
"POINT (9.394078457000035 52.454323979000037)",Unfall 4179 (2021) Kat:2, Licht: 0,4179,2,7,0,08,12,4,,0,1,0,0,0
"POINT (9.738906220000047 52.355742231000079)",Unfall 4180 (2021) Kat:2, Licht: 0,4180,2,7,7,08,07,5,,0,1,0,0,0
"POINT (9.720243695000022 52.391447062000054)",Unfall 4181 (2021) Kat:3, Licht: 2,4181,3,1,0,08,05,7,,2,1,0,0,0
"POINT (9.717507485000056 52.372927665000077)",Unfall 4182 (2021) Kat:3, Licht: 0,4182,3,1,0,09,12,4,,0,1,0,0,0
"POINT (9.764583572000049 52.349155518000032)",Unfall 4183 (2021) Kat:3, Licht: 0,4183,3,4,6,09,15,6,,0,1,0,1,0
"POINT (9.764351602000033 52.306791006000026)",Unfall 4184 (2021) Kat:3, Licht: 0,4184,3,7,7,09,17,1,,0,1,0,0,0
"POINT (9.606854545000033 52.417888500000061)",Unfall 4185 (2021) Kat:3, Licht: 0,4185,3,7,6,09,17,2,,0,1,0,1,0
"POINT (9.727605917000062 52.359871802000043)",Unfall 4186 (2021) Kat:3, Licht: 0,4186,3,1,0,09,15,4,,0,1,0,0,0
"POINT (9.786734362000061 52.388514252000050)",Unfall 4187 (2021) Kat:3, Licht: 0,4187,3,1,0,09,09,4,,0,1,0,0,0
"POINT (9.739740750000067 52.353557779000027)",Unfall 4188 (2021) Kat:2, Licht: 0,4188,2,3,5,09,11,5,,0,1,0,0,0
"POINT (9.597489697000071 52.410372119000044)",Unfall 4189 (2021) Kat:3, Licht: 0,4189,3,7,7,09,15,5,,0,1,0,0,0
"POINT (9.713454326000033 52.376432986000054)",Unfall 4190 (2021) Kat:3, Licht: 2,4190,3,1,0,09,20,1,,2,1,0,0,0
"POINT (9.808026509000058 52.410515946000032)",Unfall 4191 (2021) Kat:3, Licht: 0,4191,3,5,3,09,08,5,,0,1,1,0,0
"POINT (9.935224402000074 52.513635875000034)",Unfall 4192 (2021) Kat:3, Licht: 0,4192,3,2,0,09,17,3,,0,1,1,0,0
"POINT (9.806310815000074 52.287997374000042)",Unfall 4193 (2021) Kat:3, Licht: 0,4193,3,6,4,09,13,4,,0,1,0,0,1
"POINT (9.804018301000042 52.405277547000026)",Unfall 4194 (2021) Kat:3, Licht: 0,4194,3,6,4,09,14,6,,0,1,0,0,1
"POINT (9.694732678000037 52.377044268000077)",Unfall 4195 (2021) Kat:3, Licht: 0,4195,3,3,5,09,12,1,,0,1,0,0,0
"POINT (9.693162764000022 52.359697962000041)",Unfall 4196 (2021) Kat:3, Licht: 0,4196,3,6,4,09,09,4,,0,1,0,0,0
"POINT (9.337373814000046 52.388024075000033)",Unfall 4197 (2021) Kat:2, Licht: 0,4197,2,6,3,10,17,6,,0,1,0,0,0
"POINT (9.753479427000059 52.370007446000045)",Unfall 4198 (2021) Kat:3, Licht: 0,4198,3,2,3,10,12,6,,0,1,1,0,0
"POINT (9.966968193000071 52.375407289000066)",Unfall 4199 (2021) Kat:3, Licht: 2,4199,3,7,0,10,00,7,,2,1,0,0,0
"POINT (9.793926368000029 52.406502337000063)",Unfall 4200 (2021) Kat:3, Licht: 0,4200,3,7,0,10,16,7,,0,1,0,0,0
"POINT (9.767277936000028 52.351579774000072)",Unfall 4201 (2021) Kat:3, Licht: 0,4201,3,7,0,10,12,7,,0,1,0,0,0
"POINT (9.673259931000075 52.409952357000066)",Unfall 4202 (2021) Kat:3, Licht: 0,4202,3,7,0,10,08,2,,0,1,0,0,0
"POINT (9.714638727000022 52.375922317000061)",Unfall 4203 (2021) Kat:3, Licht: 0,4203,3,6,4,10,15,2,,0,1,0,0,0
"POINT (9.734526536000033 52.362092328000074)",Unfall 4204 (2021) Kat:3, Licht: 2,4204,3,7,0,10,23,7,,2,1,0,0,0
"POINT (9.760626293000030 52.426604954000027)",Unfall 4205 (2021) Kat:3, Licht: 0,4205,3,1,4,10,15,1,,0,1,0,0,0
"POINT (9.428197557000033 52.424988840000026)",Unfall 4206 (2021) Kat:3, Licht: 0,4206,3,1,0,10,12,3,,0,1,0,0,0
"POINT (9.759975298000029 52.387716545000046)",Unfall 4207 (2021) Kat:3, Licht: 0,4207,3,1,0,10,09,6,,0,1,0,0,0
"POINT (9.729000524000071 52.355894130000081)",Unfall 4208 (2021) Kat:3, Licht: 0,4208,3,6,6,10,13,2,,0,1,0,1,0
"POINT (9.715544306000027 52.361587940000049)",Unfall 4209 (2021) Kat:3, Licht: 0,4209,3,3,5,10,10,3,,0,1,1,0,0
"POINT (9.690022113000055 52.379997181000078)",Unfall 4210 (2021) Kat:2, Licht: 2,4210,2,7,0,10,01,5,,2,1,0,0,0
"POINT (9.428624932000048 52.425095383000041)",Unfall 4211 (2021) Kat:2, Licht: 0,4211,2,1,0,10,11,3,,0,1,0,0,0
"POINT (9.754461633000062 52.405226124000080)",Unfall 4212 (2021) Kat:3, Licht: 0,4212,3,3,5,10,14,5,,0,1,0,0,0
"POINT (9.855236485000034 52.369252123000081)",Unfall 4213 (2021) Kat:2, Licht: 0,4213,2,7,0,10,13,5,,0,1,0,0,0
"POINT (9.800411693000058 52.405655673000069)",Unfall 4214 (2021) Kat:3, Licht: 2,4214,3,7,0,11,17,2,,2,1,0,0,0
"POINT (9.782735608000053 52.374227984000072)",Unfall 4215 (2021) Kat:3, Licht: 0,4215,3,1,0,11,07,4,,0,1,0,0,0
"POINT (9.675114514000029 52.161219788000039)",Unfall 4216 (2021) Kat:3, Licht: 0,4216,3,7,0,11,15,2,,0,1,0,1,0
"POINT (9.520542748000025 52.287520508000057)",Unfall 4217 (2021) Kat:3, Licht: 0,4217,3,7,0,11,13,5,,0,1,0,1,0
"POINT (9.791627214000073 52.484014341000034)",Unfall 4218 (2021) Kat:2, Licht: 0,4218,2,7,0,11,15,1,,0,1,0,0,0
"POINT (9.788425200000063 52.373353559000066)",Unfall 4219 (2021) Kat:3, Licht: 0,4219,3,6,6,12,15,3,,0,1,0,1,0
"POINT (9.827591858000062 52.409686623000027)",Unfall 4220 (2021) Kat:2, Licht: 2,4220,2,7,0,12,16,6,,2,1,0,0,0
"POINT (9.430454031000068 52.471741667000060)",Unfall 4221 (2021) Kat:3, Licht: 0,4221,3,1,0,12,11,1,,0,1,0,0,0